Customer Name,Item Description,Item Price,Quantity,Merchant Name,Merchant Address
Stanislas Ruffell,Oil - Avocado,81.42,84,Hammes Inc,805 Mockingbird Place
Park Ager,Squash - Butternut,71.57,41,Mraz Group,0438 Forster Road
Agnella Pipkin,"Oil - Olive, Extra Virgin",28.41,85,Treutel Group,8587 Merry Circle
Cesaro Meth,Truffle Shells - White Chocolate,97.58,-5,"Bode, Friesen and Anderson",73323 Ryan Point
Guthry Beer,Clam - Cherrystone,,15,Homenick-Tillman,028 Westridge Trail
Clarence Kopelman,"Pork - Bacon,back Peameal",49.14,62,"Dickens, Gerhold and Blanda",4509 Corry Plaza
Vaughn Ference,Peppercorns - Pink,64.91,46,"Johnston, Wilkinson and Harris",99591 Pawling Avenue
Perry Ferrarini,"Tray - Foam, Square 4 - S",44.31,78,"Cronin, Ankunding and Hamill",14904 Goodland Pass
Marne Foot,"Pasta - Rotini, Colour, Dry",55.94,89,"Rath, Stark and Feest",5881 Schlimgen Way
Bryan Brissenden,Clam Nectar,15.02,38,Morar-Lemke,6634 Namekagon Road
Atalanta Yaxley,Macaroons - Homestyle Two Bit,51.83,96,"Moore, West and Hahn",51350 Dapin Alley
Brynne McCart,Sauce Tomato Pouch,99.87,28,"Deckow, Stracke and Mertz",1 Glendale Court
Merry Bilbrook,Energy - Boo - Koo,9.38,57,Rolfson-Hyatt,36150 Lotheville Drive
Roxane Bedberry,"Extract - Vanilla,artificial",29.19,47,Feest-Lesch,58 Graedel Center
Pren Dressel,Table Cloth 54x54 White,64.55,24,Krajcik-Heaney,5 Fremont Trail
Ezequiel Mepham,Apples - Spartan,7.88,43,Klocko-Rau,4 Straubel Trail
Simonne Gamblin,Wine - Lamancha Do Crianza,88.89,93,Graham and Sons,9969 Autumn Leaf Trail
Merwyn Soar,Containter - 3oz Microwave Rect.,68.68,90,,
Ax Cuffe,Sobe - Cranberry Grapefruit,68.4,4,Sanford-Simonis,0 Farragut Crossing
Niccolo Mockler,Lettuce - Iceberg,28.54,78,"Swaniawski, Marquardt and Braun",757 Hollow Ridge Court
Riane Lestrange,Cookie - Oreo 100x2,77.3,38,Mills Group,515 Ridgeway Center
Cathrin Whitter,Pails With Lids,54.5,85,"Bechtelar, Harber and Kling",210 Larry Terrace
Brenda Wherrett,Black Currants,83.12,16,Price and Sons,89 Debs Pass
Alecia Downer,Wine - Champagne Brut Veuve,2.68,23,Schmeler-Gerlach,1 Memorial Avenue
Doro McCuffie,Lettuce Romaine Chopped,24.46,27,Hahn Group,7224 Shoshone Pass
Emilia Sibray,Chicken - Soup Base,66.29,18,Shanahan Inc,7 Rieder Way
Kirstyn Shalloo,"Pasta - Rotini, Colour, Dry",96.93,41,Little-Streich,0662 Village Green Drive
Michaela Munt,"Wine - White, Gewurtzraminer",3.85,-2,Kuhn-Shields,422 Warner Parkway
Giles Ilyas,Couscous,23.67,68,"Schneider, Sawayn and Ward",79 North Point
Ashely Uccelli,"Marjoram - Dried, Rubbed",16.83,33,Stamm Group,7576 Village Lane
Mandy Costell,Thyme - Dried,78.29,76,Borer Inc,1079 Anzinger Circle
Della Farress,Lettuce - Curly Endive,55.39,55,"Murphy, Abshire and Heller",74 Mcguire Crossing
Magdalene Studeart,Vaccum Bag - 14x20,96.57,65,Wyman Group,230 Nancy Hill
Killie Romney,Sauce - Vodka Blush,,-1,,
Vincents Jennions,Squid Ink,3.43,82,"Balistreri, Jakubowski and Dickens",287 Becker Avenue
Ingra Deveraux,Plaintain,18.27,-4,"Legros, White and Yost",3201 Burrows Trail
Aylmar Andreacci,Dc - Frozen Momji,,77,Schuster Group,17228 Bobwhite Crossing
Hyacintha Degan,Tomatoes Tear Drop Yellow,80.73,15,Cremin-Turner,93192 Michigan Point
Binky Yakobovitz,Snapple Raspberry Tea,95.33,13,Trantow-Schmeler,423 Grayhawk Alley
Barton Osmint,Shrimp - 100 / 200 Cold Water,98.48,86,"Johnston, Ferry and Sanford",6221 Pond Road
Andree Klimkowski,Glucose,72.95,8,Howe and Sons,0514 Ridgeway Alley
Kendra Huyghe,Coriander - Ground,66.12,21,Walsh and Sons,657 Carioca Court
Shalna Phelipeaux,"Mushroom - Trumpet, Dry",85.96,20,,
Annabell Pressey,Wine - Taylors Reserve,44.24,29,"Hand, Ledner and Wuckert",16149 Sloan Park
Glory Bunstone,"Tart Shells - Barquettes, Savory",99.42,13,"Nicolas, Corwin and Hermiston",95671 Truax Hill
Daphna Kenderdine,Bananas,45.02,39,Abbott-Reinger,101 Fieldstone Place
Karin Longcake,Potatoes - Parissienne,75.83,42,"Botsford, Jast and Howell",7 Mccormick Park
Ignacius Bretland,Muffin - Mix - Creme Brule 15l,52.36,12,"Tremblay, Cole and Rippin",9113 Hollow Ridge Park
Quintana Seefus,Crackers - Soda / Saltins,21.67,3,Lemke Group,3299 Lindbergh Trail
Codi Windley,Sausage - Andouille,90.83,30,Hettinger Inc,2 Almo Trail
Beale Carlino,Sun - Dried Tomatoes,47.49,0,"Schimmel, MacGyver and Little",7 Roth Street
Tildie Eddies,Island Oasis - Pina Colada,60.31,89,Schoen-Adams,54875 Scott Parkway
Talya Seller,V8 Splash Strawberry Banana,40.02,82,Zemlak Group,66068 Blackbird Crossing
Trude Deely,"Wine - Red, Metus Rose",11.27,43,Wisoky Inc,558 Mayer Road
Etti Rolls,Fondant - Icing,,0,"Cummerata, Robel and Collins",6494 Kings Hill
Clio Winthrop,Container - Clear 32 Oz,3.89,64,"Abernathy, Littel and Murazik",1747 Spenser Alley
Chrystal Dudson,Kumquat,16.02,68,Littel Inc,782 Barnett Place
Aylmar Dainton,"Tart Shells - Barquettes, Savory",18.12,43,Pfannerstill Group,642 Manufacturers Hill
Siffre Frankowski,"Flour - Bran, Red",57.1,61,Waelchi LLC,63191 Huxley Center
Daisy Bassford,Wine - Vineland Estate Semi - Dry,55.88,52,"Yundt, Kiehn and Hansen",87 School Park
Myles Packington,Cake - Night And Day Choclate,28.21,67,Ryan and Sons,0 Lukken Crossing
Shawnee Muggach,Venison - Ground,43.69,37,Bradtke Inc,7 La Follette Crossing
Fedora Recher,Puff Pastry - Slab,37.18,87,,
Leontyne McIndoe,"Salmon - Smoked, Sliced",25.12,63,VonRueden Group,584 Dorton Lane
Annabell Marjoribanks,Bread - Ciabatta Buns,,74,Dicki Inc,154 Loomis Circle
Brennen Marguerite,Onions - Vidalia,77.88,23,"Gerhold, Bechtelar and Roberts",02842 Florence Road
Delinda Whiting,Blackberries,89.8,54,Schmeler Inc,45393 Miller Parkway
Blondy Winston,Beef - Top Butt Aaa,17.94,78,"Vandervort, Johns and Beier",1 Montana Drive
Gunter Verlinde,Wine - Two Oceans Cabernet,53.54,78,Mueller LLC,30 Derek Hill
Morey Gitthouse,Wine - Riesling Dr. Pauly,81.36,42,Ratke-Rodriguez,77 Spenser Alley
Holt Ledgister,Versatainer Nc - 888,9.35,42,Ortiz-Jones,4 Eastwood Plaza
Will Fairlie,Tahini Paste,28.3,59,Tremblay-Rau,50 Nobel Point
Deina Eakin,Cookie - Oreo 100x2,1.97,32,Kunde LLC,009 Jenna Alley
Murdoch Bagshawe,Cardamon Ground,55.71,25,Becker Inc,68926 High Crossing Parkway
Fern Van der Veldt,Beer - Maudite,42.93,26,Stark and Sons,5735 Meadow Vale Circle
Elfie Deville,Pernod,81.35,39,Pfannerstill LLC,272 Maywood Terrace
Maitilde Yemm,"Trout - Hot Smkd, Dbl Fillet",97.0,57,West Inc,55930 Shoshone Court
Melinde Guthrum,Chicken - Ground,48.7,71,"Walsh, Ziemann and MacGyver",028 Shelley Junction
Garrott Edgin,Beer - Mcauslan Apricot,5.05,42,Fadel Group,718 Dorton Park
Vitia Casaccia,"Roe - Lump Fish, Red",58.01,50,Bergnaum LLC,263 Loomis Alley
Luise Balshaw,Cilantro / Coriander - Fresh,94.79,58,"White, Jast and Simonis",2777 Randy Lane
Lothario Bettenay,Lid - 16 Oz And 32 Oz,39.98,2,Strosin-Schamberger,64848 Wayridge Plaza
Jan Hinkley,Soup - Tomato Mush. Florentine,93.78,-3,Hoppe Group,64 Elgar Lane
Mitch Egar,Mousse - Banana Chocolate,99.41,5,Weimann Group,46827 West Terrace
Boothe Meakes,Wine - Charddonnay Errazuriz,18.86,79,O'Kon Inc,588 Graceland Park
Martina Touson,"Coffee - Beans, Whole",36.66,42,Koss-Stiedemann,27256 Ridgeway Alley
Norris Danby,Langers - Mango Nectar,75.53,84,Crona-Sawayn,9 Esch Terrace
Jake Jaume,Contreau,21.41,39,Conroy-Quitzon,5 Texas Center
April Shoulders,Wine La Vielle Ferme Cote Du,74.21,47,Medhurst and Sons,72 Express Court
Barbabas Marrington,"Chocolate - Pistoles, White",91.25,66,,
Kali Austins,Pork - Ground,65.32,72,Stehr-Metz,257 Del Mar Way
Meyer Triggs,Initation Crab Meat,84.47,97,Lehner-Kohler,34889 Blaine Hill
Dietrich Rime,Wine - Fontanafredda Barolo,28.39,81,Torp Inc,851 Pankratz Alley
Sybyl Hutchins,"Sugar - Sweet N Low, Individual",54.89,45,Emmerich-Fadel,14 Bayside Junction
Abdel Stolle,Creme De Banane - Marie,19.59,98,Keebler-Hayes,9379 Sommers Point
Pippy Frenchum,Tomatillo,87.8,45,"Rempel, Lueilwitz and Parker",295 Westerfield Alley
Haily Wittke,Sprouts - Corn,36.22,71,"Boyle, Larkin and Lebsack",3 Forest Run Park
Ynez Izak,Cookie Dough - Chocolate Chip,42.97,0,Funk-Huels,9466 Hayes Drive
,,56.56,,Towne Group,31 Mendota Parkway
Lebbie Stapleford,Pails With Lids,77.64,71,"Klocko, Hansen and Casper",12 Moulton Place
Caye Lazarus,Cake - Pancake,85.66,48,"Kshlerin, Ward and Cremin",32 Merry Pass
Hynda Matzeitis,Wine - Ruffino Chianti Classico,83.47,74,Schaefer-Larkin,577 Rieder Way
,,68.88,,"DuBuque, Will and Price",6 Namekagon Parkway
Parsifal Jewsbury,Cheese - Bocconcini,,89,Moen-Graham,69280 Stuart Center
Marji Mackro,Onions - Pearl,22.03,25,,
Justus Cahalin,Wine - Beaujolais Villages,58.89,33,Stanton and Sons,436 Grover Drive
Bettye Bugby,Beer - Molson Excel,50.87,55,Friesen and Sons,9330 Dapin Lane
Auberon Durrant,Bread - Italian Roll With Herbs,83.79,84,Flatley-Roberts,4442 Prairieview Plaza
Benedicto Janz,Table Cloth 54x54 White,46.68,43,"Nader, Kris and Abshire",38 Roxbury Junction
Pincus Sproat,Chicken Breast Halal,22.02,38,"Streich, Schroeder and Harber",2 Service Park
Derron Stillman,Nantucket - Orange Mango Cktl,47.43,24,Stoltenberg-Ernser,452 Arapahoe Trail
,,7.99,,Morissette-Buckridge,2274 Iowa Alley
Rice Duffield,Curry Powder Madras,7.55,81,"Will, Stehr and Wolf",6709 Vermont Place
Valentine Torald,Carbonated Water - Strawberry,13.7,75,Dach-Hilpert,7795 Mitchell Terrace
Gert Kimmings,"Sugar - Brown, Individual",44.46,91,Hane Inc,661 Meadow Ridge Drive
Clyve Pasby,Watercress,26.15,16,Wyman and Sons,26107 Anthes Plaza
Barbi Hawker,Iced Tea Concentrate,56.26,78,,
Elyn Woolen,"Chicken - Breast, 5 - 7 Oz",95.36,56,"Prohaska, Boehm and Hyatt",44 Dawn Alley
Ardisj Blandford,"Chicken - Thigh, Bone In",64.77,18,"Price, Wehner and Anderson",4635 Arizona Street
Casey Gleave,"Basil - Dry, Rubbed",79.63,11,Ferry-Prohaska,299 Ramsey Way
Fabien McKeurton,Sauce - Soy Low Sodium - 3.87l,92.78,16,Collier Inc,46725 Steensland Circle
Skyler Eynald,"Fish - Soup Base, Bouillon",20.3,59,Mertz Inc,50 Scoville Avenue
Cobbie Cuer,Spring Roll Wrappers,49.64,89,,
Dare Mundy,Longos - Cheese Tortellini,73.53,22,"Bosco, Legros and Kessler",3576 Rutledge Street
,,12.32,,Quigley-Orn,86 Boyd Point
Dyanna Moston,Rootbeer,24.68,0,McClure LLC,8 Pearson Point
Kearney Ruos,Wine - Shiraz Wolf Blass Premium,81.47,71,Cremin Group,5 Gerald Way
Joell Ferrino,Easy Off Oven Cleaner,15.1,32,"Hills, Eichmann and Thompson",7644 Kings Place
Charin Kermannes,Coffee Guatemala Dark,71.98,48,Keebler Inc,102 Longview Place
Nanete Haydock,Cucumber - Pickling Ontario,99.17,-2,Weimann and Sons,70287 Morningstar Place
Linn Nibley,Gherkin - Sour,41.32,35,Hahn-Marvin,92 Hanson Avenue
Garv Lyttle,Potatoes - Peeled,74.29,6,"Lesch, Cartwright and Raynor",37 Schmedeman Lane
Markus Twallin,Tarts Assorted,47.07,79,Schamberger and Sons,75207 Clyde Gallagher Crossing
Torry Hellen,Food Colouring - Pink,92.48,89,"Gutkowski, Cronin and Kerluke",4755 Reindahl Junction
Ancell Semeniuk,"Water - Spring Water, 355 Ml",1.9,68,Wilderman-Gaylord,8298 Eagle Crest Parkway
Rutherford Hayer,Bread - Bistro White,56.55,11,Beier and Sons,0216 Sundown Street
,,,,"Abbott, O'Kon and Abernathy",9026 Bonner Terrace
Ax Scorey,"Doilies - 10, Paper",19.11,100,Mante and Sons,4 Lakewood Way
Willabella Kevane,Egg - Salad Premix,8.6,96,"Wolf, McCullough and Hartmann",6062 Jenna Court
Archibald Margach,Iced Tea Concentrate,14.17,19,Veum and Sons,50666 Oriole Center
Trueman Foot,Veal - Provimi Inside,70.03,27,Crist Inc,650 Killdeer Pass
Winonah Maynell,Peppercorns - Green,56.43,73,"Wisozk, Eichmann and Graham",6883 Sauthoff Plaza
Winna Fendlow,Muffin Batt - Carrot Spice,16.29,92,Waters-Swaniawski,4968 Hansons Drive
Devonne Goodnow,"Pail - 4l White, With Handle",86.03,18,Nienow and Sons,7 Elmside Court
Tarrah Bains,Irish Cream - Butterscotch,26.91,65,Harvey and Sons,8671 Forest Run Point
Lon Gouldbourn,Cheese - Swiss,41.28,92,"Weimann, Heller and Adams",43 Maryland Plaza
,,28.36,,"Labadie, Fahey and Emard",85 Village Green Place
,,52.6,,Torp Inc,371 Prairieview Avenue
Sidonia Boys,Kale - Red,63.64,21,"Conn, Lehner and Ortiz",710 Rowland Drive
Nikki Emloch,Yoplait - Strawbrasp Peac,70.03,12,,
Aimee Duerden,Sprouts - Bean,50.51,21,Christiansen Group,8683 Luster Trail
Cookie Line,Beef - Top Butt,82.02,26,Romaguera LLC,6 Kensington Plaza
Mateo Gilffillan,Mushroom - Morel Frozen,17.93,5,"Corkery, Blanda and Hermann",71237 American Point
Clemmie McCurtin,Sea Bass - Fillets,7.56,-2,Reinger-Kuhic,2223 Gale Place
Rebeca Kibbel,Bok Choy - Baby,3.62,76,Langworth and Sons,742 Kim Terrace
Sandy Elphey,Chives - Fresh,28.65,37,,
Reilly Tilberry,Lemon Grass,66.74,15,Pacocha-Mann,4177 Spohn Crossing
Marta Wassell,"Pasta - Lasagne, Fresh",24.66,93,"Klocko, Rolfson and Leffler",078 Messerschmidt Place
Gae Furzer,Corn - Mini,71.92,67,Bernhard Inc,7734 Nevada Circle
Tally Besse,"Bread - Roll, Italian",8.79,-2,King-Oberbrunner,9 Texas Street
Daron Whatsize,Coffee Decaf Colombian,90.5,92,Kassulke-Altenwerth,785 Pearson Lane
Bron Durrans,Hold Up Tool Storage Rack,49.33,20,Jacobi and Sons,15091 Calypso Way
Skell Chaffe,"Soda Water - Club Soda, 355 Ml",,59,Stehr LLC,9 Morrow Point
Brendis Tedstone,Chips Potato Swt Chilli Sour,83.91,35,VonRueden-Reynolds,3 South Avenue
Stormi Skep,Cornflakes,61.74,41,Hoppe-Bayer,75 Lien Avenue
Tracee Hamlyn,Veal - Heart,79.48,20,"Bauch, Zulauf and Romaguera",1 Amoth Plaza
Nari Sieur,"Coffee - Colombian, Portioned",77.62,91,McCullough Group,1 Kenwood Parkway
Blinni Benda,"Tart Shells - Sweet, 3",38.9,26,Konopelski LLC,95356 Spenser Pass
Halette Ogle,Ice Cream - Turtles Stick Bar,55.75,98,"Glover, Hickle and Smith",8957 Carioca Point
Jacqui Fautley,"Flour - Bran, Red",23.81,75,"D'Amore, Schultz and Hahn",39 Quincy Lane
Nanete Thor,Bread - Frozen Basket Variety,91.61,32,"Johnson, Johns and Ziemann",1 Ridgeview Junction
Erhart Sudy,Veal Inside - Provimi,82.68,39,"Kuhn, Schuster and Pacocha",21068 Bartillon Circle
Elora Rampling,Cheese - Roquefort Pappillon,46.26,99,Jaskolski and Sons,68204 Talisman Way
Aggie Jiggen,Lid Tray - 12in Dome,48.27,19,Skiles-Williamson,35 Maple Wood Circle
Lennard Tomich,Dc - Sakura Fu,80.54,94,Ferry-Hessel,5797 Fuller Road
Darleen Sell,Skirt - 24 Foot,37.32,94,"Rath, Turcotte and Schimmel",87140 Portage Way
Pen Piecha,Amaretto,38.85,13,Jacobson and Sons,2772 Fremont Street
Angel Howselee,Lobster - Canned Premium,44.39,13,D'Amore-Smith,7 Kim Parkway
Dalia Oxer,Chervil - Fresh,8.37,85,Dibbert Inc,9816 Stone Corner Avenue
Ferguson Clewer,Aromat Spice / Seasoning,43.03,64,Brakus-Abernathy,850 Hudson Road
Kikelia Antunes,Tequila Rose Cream Liquor,74.54,0,Lowe-Lesch,445 Main Way
Bartolemo Peyntue,"Pork - Tenderloin, Frozen",87.61,43,"Haag, Lebsack and Von",0 Raven Parkway
Chester Blockley,Muffin - Carrot Individual Wrap,94.74,14,"Schmeler, Heidenreich and Lockman",74 Johnson Center
Morganne Spafford,Vodka - Moskovskaya,65.65,27,Bailey Inc,5 Pepper Wood Hill
Fiann Leney,Pasta - Fusili Tri - Coloured,50.24,62,Schulist-Okuneva,7507 Annamark Alley
Gerry Brisland,Rabbit - Whole,57.64,86,Schamberger-Bradtke,21945 Welch Street
Sharlene Cham,Lettuce - Red Leaf,92.32,38,Auer and Sons,271 Bowman Alley
Thomasa Glisane,Lettuce - Iceberg,51.57,27,"Block, Schimmel and Kuhlman",543 Mcbride Center
Benedick Llorente,Wine - George Duboeuf Rose,3.85,86,Conroy-Bayer,169 Lighthouse Bay Trail
Gerrie Langstaff,"Crab - Blue, Frozen",74.83,39,Quigley LLC,6 Maple Crossing
Marisa Castiglio,Water - Green Tea Refresher,40.75,58,Connelly LLC,036 Meadow Ridge Alley
Kearney Bernardini,Pecan Raisin - Tarts,53.57,39,Effertz Group,6500 1st Circle
Godard Wraxall,Table Cloth 53x69 White,20.35,99,"Pfeffer, Wilkinson and Lebsack",80550 Forest Dale Park
Petronella Yukhov,Wine - Blue Nun Qualitatswein,65.22,68,"Wolff, Brakus and Koss",52233 Gale Avenue
Sile Cohn,Cornish Hen,82.61,26,Sipes-Lubowitz,77532 Dakota Trail
Johnathon MacCauley,Steamers White,24.77,21,Durgan-Bartoletti,8 Cottonwood Place
Seth Caiger,Sugar Thermometer,89.88,18,Rogahn LLC,27 Alpine Trail
Derrik Elgar,Sauerkraut,79.0,3,"Raynor, Lang and Zulauf",4743 Delladonna Crossing
Wilie Garton,"Wine - White, Cooking",11.42,18,Becker and Sons,1696 Stuart Plaza
Sydney Dawber,Paper Towel Touchless,52.58,58,"Grimes, Krajcik and Leannon",70 Nevada Park
Lemuel Blain,"Pail - 15l White, With Handle",78.57,30,,
Gavin Vye,Tea - Lemon Scented,78.33,52,Thiel Group,3 Lotheville Parkway
Kelsey Riddeough,"Lamb - Racks, Frenched",56.95,81,Thompson-Kemmer,6715 Elmside Parkway
Evangeline Bilbie,"Oil - Truffle, White",32.92,99,Macejkovic Inc,694 Sheridan Parkway
Freddy Maleck,"Ecolab - Orange Frc, Cleaner",29.75,10,Jenkins-Goldner,29740 Onsgard Drive
Alanna Roeby,Veal - Sweetbread,,48,"Jerde, Will and Robel",8670 Mccormick Park
Minni Paszak,Tomato - Green,91.02,77,Hermann-Bashirian,9875 Prentice Circle
Mildrid Ioannou,Ecolab - Hand Soap Form Antibac,2.3,61,,
Brinna Cowtherd,Cheese - St. Paulin,56.77,23,Bednar Inc,4 Washington Avenue
Golda Dinsale,Foam Espresso Cup Plain White,70.35,36,Mayer-Kuphal,6773 Kingsford Avenue
Nelia Frow,Longos - Grilled Veg Sandwiches,,7,Witting-Kulas,8 Hazelcrest Alley
Emilia Fynes,Pickles - Gherkins,38.72,0,Toy and Sons,1 Huxley Place
Melisenda Monahan,"Wine - White, Lindemans Bin 95",75.62,83,Parisian and Sons,1 Hallows Circle
Forest Clemmett,Muffin - Blueberry Individual,50.02,15,"Boyer, Hagenes and Wunsch",9302 Knutson Road
Terry Green,Coffee - Flavoured,31.59,75,Skiles Inc,9504 Spenser Street
Guenna Wellstead,"Peas - Pigeon, Dry",86.08,44,,
Brandie Brounsell,Island Oasis - Strawberry,58.29,90,"Wyman, Conroy and Wolff",42 Sheridan Drive
Arlena Naisey,Goat - Leg,22.97,9,Monahan Inc,8911 Center Trail
,,51.68,,Bins-Bogisich,73620 Victoria Crossing
Sibel Minillo,Bagelers,42.22,53,Fay-Waelchi,63174 Victoria Court
Natasha Ucchino,Cod - Black Whole Fillet,27.41,82,Farrell Group,26 Oriole Road
Tanitansy Clacson,Anchovy Paste - 56 G Tube,88.75,38,Kihn-Nienow,44 Messerschmidt Hill
Rudolfo Guitte,"Beef - Tenderlion, Center Cut",57.86,85,"Becker, Altenwerth and Corwin",3 7th Crossing
Jimmy Ruspine,External Supplier,45.73,82,"Bartoletti, Wisoky and Bartoletti",30 Oakridge Street
Edwina Featherstone,Kiwi Gold Zespri,89.29,3,Schneider Inc,4842 Hollow Ridge Circle
Lorettalorna Ronisch,"Pasta - Cappellini, Dry",19.09,62,Cummerata-Paucek,78030 Haas Court
Honey Seyffert,Beer - Tetleys,10.08,22,Hintz LLC,0313 Village Way
Aryn Felmingham,Food Colouring - Blue,24.95,97,Berge LLC,8 Superior Pass
Dud Weekland,Phyllo Dough,76.41,34,Quigley-Ebert,786 Merchant Center
Nannie Kingsnoad,Muffin - Blueberry Individual,29.35,77,Jenkins-Koelpin,2 Dapin Point
Shurwood Rossbrook,"Gin - Gilbeys London, Dry",48.64,83,"Goldner, Nolan and Moen",27441 Swallow Hill
Cherice Grollmann,Cheese - Brie,,-4,Weber-Waelchi,01 Charing Cross Way
Milli Steggals,Wine - Valpolicella Masi,12.51,8,Gutmann-Ullrich,38794 Red Cloud Point
Emelen Hawse,Onion - Dried,89.66,92,Konopelski LLC,34 Arapahoe Way
Clem Croom,Hersey Shakes,21.02,67,Wyman-Haag,15 Laurel Trail
Manon Mander,Oven Mitts - 15 Inch,90.09,74,"Kautzer, Rodriguez and Predovic",40182 Merry Drive
Casi Corssen,Noodles - Steamed Chow Mein,69.88,-5,"Cormier, Zulauf and Hagenes",43154 Prairieview Road
Cindee Orcas,"Doilies - 12, Paper",10.2,34,Kuhlman-Mohr,9 Drewry Way
Gates McGinnell,Munchies Honey Sweet Trail Mix,38.25,93,"Jerde, Harvey and Bartoletti",10 Westridge Circle
Vanna Sentinella,"Cake Circle, Foil, Scallop",46.74,67,Goodwin-Goldner,29 Oneill Junction
Paddie Pittle,Salt - Table,91.6,26,"Corkery, Schmidt and Windler",28 Evergreen Circle
Vanya McMurthy,Wine - Chardonnay Mondavi,91.07,31,"Aufderhar, Treutel and Bartell",53250 Arapahoe Parkway
Anthony Abraham,Crab - Soft Shell,6.97,73,Breitenberg Inc,0 Mayfield Plaza
Heinrick Pawle,Sole - Fillet,95.95,20,Borer Inc,081 Declaration Street
Terence Lavielle,Steampan Lid,79.05,85,Berge-Wuckert,5970 Springview Court
Leontyne Nyssens,"Wine - Red, Cabernet Sauvignon",15.71,45,Herman LLC,94 Ridgeview Court
Perice Linguard,Beef - Short Loin,58.69,30,Monahan Group,11140 Mayfield Pass
Lebbie Mulbry,Cake - Dulce De Leche,9.44,51,,
Traver Redsall,Flour - Whole Wheat,16.71,-3,Smitham LLC,1 Kedzie Terrace
Niles Wife,Godiva White Chocolate,65.7,-2,Koelpin and Sons,1196 Eastlawn Terrace
,,33.87,,Hirthe-Prosacco,211 Parkside Center
Anastasia Duffield,"Pasta - Fettuccine, Egg, Fresh",3.45,63,White-Cronin,02043 7th Road
Stanislas Lamperti,Wine - Cousino Macul Antiguas,83.48,30,Crooks-Fay,9 Moulton Hill
Leisha Dunlea,Mace Ground,88.62,32,Bode-Williamson,872 Parkside Court
Bud Stoade,"Brownies - Two Bite, Chocolate",77.83,92,Moen-Braun,212 Kim Crossing
Fiona Aikenhead,Salt And Pepper Mix - Black,30.83,-5,Grady LLC,92 Lakeland Junction
Phillipp Risebrow,Juice - Mango,61.21,42,Stokes LLC,1 Reindahl Drive
Arabele Maskell,Soup - Campbells Chicken,26.48,59,Durgan-Considine,2 Mccormick Lane
Saul Ehlerding,"Mushroom - Porcini, Dry",59.51,20,Harber-Langworth,754 Dakota Hill
,,49.56,,Wuckert LLC,5756 Merry Park
Clo Jaggi,"Pork - Back, Long Cut, Boneless",69.08,38,"Mraz, Bartoletti and Hackett",7725 Bayside Street
Crissy Yegorov,Wine - Cave Springs Dry Riesling,99.91,88,Murray LLC,1919 Esch Way
Phaedra Loach,Spinach - Baby,17.03,94,Jerde Inc,45997 Drewry Lane
Murvyn Fozard,"Butter - Salted, Micro",31.6,50,Labadie-Blick,71916 Linden Point
Lind MacCleod,Garlic,4.12,15,Botsford-Walsh,7714 Waubesa Place
Adelina Tothacot,Chicken - White Meat With Tender,44.37,15,,
Roselle Humber,"Beans - Black Bean, Canned",66.23,56,,
Allie Gomez,Buffalo - Striploin,36.83,12,Barrows and Sons,24238 Sundown Crossing
Jareb Dodgson,"Juice - Apple, 1.36l",37.62,-3,O'Reilly-Buckridge,4 Aberg Lane
Shelagh Berthon,Cup Translucent 9 Oz,75.23,73,Bahringer Group,6 Garrison Street
Rafi Stannard,Tea - Jasmin Green,56.55,27,Runolfsdottir-Carroll,3 Oneill Center
Lina Tompion,Sprouts - Peppercress,27.43,90,"Hamill, Green and Witting",3922 Annamark Pass
Desdemona Hugin,Peas Snow,11.6,78,"Volkman, Schowalter and Wisozk",64 School Center
Colette Worshall,"Beef - Outside, Round",86.05,95,,
Kate Aplin,Sea Urchin,,84,Rogahn and Sons,52 Bunting Street
Karalynn Mose,Cake - Miini Cheesecake Cherry,53.89,42,"Bednar, Nicolas and Schamberger",5 Scoville Parkway
Josselyn Meagher,Buffalo - Striploin,50.21,0,Howe Group,51965 Pearson Place
Pablo Beacham,Sugar - Cubes,70.89,77,Lebsack Inc,161 Dorton Way
Amye Ivushkin,Cookie Double Choco,62.69,46,Jaskolski Group,0 Milwaukee Point
Kaiser O' Culligan,Nantucket - Orange Mango Cktl,6.0,67,Upton-Mohr,863 Tomscot Center
Patrizia Byway,Red Currants,15.39,58,Jakubowski LLC,8 Macpherson Lane
Quintus Cheeld,"Beans - Kidney, Red Dry",38.94,66,"Mosciski, Hammes and Braun",1776 Leroy Plaza
Alfie Dugan,Ostrich - Prime Cut,56.67,99,Hamill and Sons,52120 Mesta Trail
Lurline Kissock,Garlic - Peeled,11.84,100,Morar and Sons,3798 Portage Plaza
Charyl Kaye,Bagel - Everything Presliced,,69,Pouros Group,999 Kingsford Crossing
Blanch Aspenlon,Nutmeg - Ground,17.31,48,"Mayer, Roberts and Schamberger",9077 Judy Center
Devina Gallienne,"Wine - Red, Pinot Noir, Chateau",40.07,18,"Murazik, Balistreri and Kunde",8 Division Terrace
,,21.9,,"Botsford, Towne and Russel",05 Hollow Ridge Plaza
Borg Roughan,Bay Leaf Ground,62.12,8,Hyatt Group,5 Aberg Terrace
Virgie Beekmann,"Cheese - Romano, Grated",82.83,31,Medhurst-Hermann,79 Sachs Center
Shell Trumper,Pear - Packum,34.93,39,Kiehn LLC,8249 Towne Parkway
Blinni Anthonies,Tuna - Yellowfin,53.82,11,Kemmer and Sons,926 Utah Road
Giorgi Nicolson,Wine - Sauvignon Blanc,55.84,12,Labadie-Hamill,60 Schlimgen Lane
Gardener Peile,V8 - Tropical Blend,87.76,45,"Gorczany, Kuhic and Veum",75204 Alpine Alley
Lorianne Cowen,Sauce - Caesar Dressing,39.85,96,Koss-Maggio,040 Amoth Plaza
,,12.45,,Keeling-Schiller,76443 Redwing Road
Leroi McMennum,Oil - Grapeseed Oil,52.97,28,Beier-Kub,67913 Anhalt Park
Nerte Klemenz,Trueblue - Blueberry 12x473ml,5.07,46,"Dickinson, Kutch and Boehm",1840 Drewry Circle
Land Cook,Potatoes - Idaho 80 Count,14.62,1,Paucek Group,43249 Crest Line Terrace
Roxana Mence,"C - Plus, Orange",49.97,20,Connelly-Vandervort,98 Claremont Road
Camille Moody,Dry Ice,28.12,51,Marks LLC,0 Manitowish Pass
Sabrina Craisford,Onions - Vidalia,26.44,24,McKenzie LLC,40587 Eastlawn Pass
Georgetta Brayne,Juice - Orange,92.53,29,Gerhold-Rippin,442 Red Cloud Avenue
Madelaine Alliband,Calypso - Lemonade,45.62,97,Vandervort-Rice,8 Loftsgordon Hill
Janis Caven,"Beans - Black Bean, Canned",65.66,78,Rogahn-Kovacek,33 Debra Hill
Kerrie Cootes,"Cookies - Oreo, 4 Pack",45.44,-1,Moore-Pfannerstill,0 Dwight Place
Aluin Scorton,Beans - Soya Bean,50.33,97,Schoen-Dare,72052 Melrose Street
Rowney Fairburn,Sprite - 355 Ml,77.94,95,Auer and Sons,99411 Golden Leaf Avenue
Hortensia Armatage,Flavouring Vanilla Artificial,71.24,12,Wisozk-Lang,733 Debs Drive
Adelbert Dani,Egg Patty Fried,74.98,61,"Wiza, Raynor and Beer",015 Granby Way
Ann Shepley,"Pepper - Black, Crushed",86.56,85,Schneider-Huel,634 Laurel Park
Devi Lumsdon,Radish,12.17,54,Streich-Conroy,37016 Cottonwood Park
Fredi MacAskill,"Cheese - Havarti, Salsa",75.75,1,Ankunding-Welch,96247 Mccormick Plaza
Clyde Kinavan,Gatorade - Fruit Punch,89.01,26,"Runolfsdottir, Senger and Christiansen",5622 Oriole Terrace
Hallsy Coxon,Bacardi Breezer - Tropical,2.69,51,"Fadel, Lowe and Green",7854 Jana Place
Yelena Iacovone,"Placemat - Scallop, White",49.15,29,"Ryan, Dicki and MacGyver",06343 Delaware Way
Shawn Lorans,Sage - Ground,5.67,51,Swift Group,00857 Northview Circle
Neile Flecknell,Veal - Insides Provini,2.57,86,"Kreiger, Nader and Kunde",76 Grayhawk Alley
Knox Greason,Ice Cream Bar - Oreo Sandwich,93.91,73,"Pouros, Herzog and Hoppe",859 Porter Road
Maryjane Mundie,Tofu - Soft,20.04,60,Roberts Group,50670 Superior Center
Lucian Kienzle,"Wine - White, Riesling, Henry Of",76.85,72,Franecki Inc,98 Parkside Park
Bambie Skellern,"Pork - Loin, Center Cut",90.45,48,"Baumbach, Hand and Adams",70135 Commercial Parkway
Ermanno Cartmill,Chips Potato All Dressed - 43g,30.78,38,Windler-Friesen,8 Gina Trail
Lanette Hesey,Creme De Cacao Mcguines,8.83,79,"Borer, Stroman and Pfannerstill",22 Fisk Avenue
Fernande Baggallay,Soup - Campbells Tomato Ravioli,46.36,67,Kulas LLC,068 Melby Alley
Janina Allport,Basil - Seedlings Cookstown,56.63,27,"Okuneva, Bartoletti and O'Hara",5 Hovde Drive
Mayer Crannis,Pate - Liver,47.75,73,Rodriguez-Grant,80907 Anderson Road
Raynor McHan,Bread - Rye,7.72,1,"O'Keefe, Keebler and Lubowitz",30264 Raven Way
Melisenda Tyer,Bread - Bistro Sour,72.1,67,Haag Inc,78 Washington Trail
,,13.42,,Emmerich and Sons,3406 Mccormick Crossing
Billie Pitrollo,Skewers - Bamboo,31.82,89,"Bayer, Lowe and Ruecker",376 Sunnyside Pass
Leontyne Rennels,Ham - Virginia,3.25,51,"Parker, Kuvalis and Schmitt",1642 Calypso Avenue
Spenser Mafham,"Trout - Hot Smkd, Dbl Fillet",81.33,38,Ward-Sporer,81637 Northfield Drive
Olly Kay,"Coconut - Shredded, Unsweet",9.25,49,Greenfelder-Koepp,0 Hauk Drive
Leland Nolli,Petite Baguette,51.88,-1,Leffler Group,36 Marcy Crossing
Giorgio Scadden,Chocolate - Liqueur Cups With Foil,63.4,86,,
Janelle Commins,Ham - Cooked Bayonne Tinned,56.1,28,Tremblay and Sons,4 Ruskin Crossing
Ariella Delahunty,Pepper - Gypsy Pepper,82.38,56,"Tremblay, Trantow and Kovacek",988 Brentwood Alley
Ahmed Reskelly,Sauce - Caesar Dressing,74.36,-4,Breitenberg-Heidenreich,73 Hansons Trail
Gaston Joyson,Brandy - Bar,25.53,97,Greenholt-Wintheiser,71190 Northwestern Circle
Vivian Hancke,Rice Wine - Aji Mirin,86.53,100,Greenfelder-Ruecker,4481 Hanson Crossing
Hubey Pagram,Brandy Cherry - Mcguinness,97.15,22,Herzog-Hackett,67637 Sunfield Parkway
,,73.46,,Leannon LLC,4330 Prentice Hill
Ritchie Room,Ginsing - Fresh,81.44,74,,
Margy Aland,Grenadillo,14.83,42,Schinner-Bayer,9186 Morrow Hill
,,11.58,,Huels-Hegmann,37198 Vera Crossing
Debee Grayston,Thyme - Fresh,14.84,59,"Nicolas, Reichel and Howell",04078 Schiller Court
Reggie Gostyke,Flax Seed,41.32,29,Wisozk and Sons,6934 Mayfield Alley
Raimundo Daulton,Steamers White,24.5,-5,Wunsch-Harber,30524 Waywood Street
Darb Pegler,Rolled Oats,12.16,2,"Kirlin, Lakin and Walter",1634 Vahlen Terrace
Nixie Taffarello,"Loaf Pan - 2 Lb, Foil",11.57,16,Lemke-Bins,62978 Bunting Parkway
Zebadiah Negri,Bread - Frozen Basket Variety,24.14,63,Eichmann-Larkin,5 Melvin Court
Cornelle Jankiewicz,Lobster - Live,28.53,46,Langosh-Stracke,4 Del Sol Plaza
Georgina Tonna,Longan,40.82,38,Lakin-Mueller,8868 Spaight Way
Nicky Darville,"Syrup - Monin, Swiss Choclate",29.18,50,"Kozey, Marvin and Douglas",98901 Fordem Park
Wandis Darinton,Tamarillo,76.85,50,"Dickens, Kohler and Eichmann",57768 Vernon Junction
Catherin Fourmy,"Soup - Beef Conomme, Dry",43.07,4,Johns-Keebler,8691 Ludington Trail
Felicia Hurley,Kumquat,61.59,50,,
Milt Neubigging,Lumpfish Black,60.95,89,Johnson Inc,73356 Corscot Drive
Hy Jahner,Sage - Fresh,98.97,71,,
Hartwell Aps,Dip - Tapenade,85.16,74,Ondricka Group,54 Ridgeway Court
Randell Maffey,Cheese - Roquefort Pappillon,30.01,91,Jakubowski-Fadel,60307 Hermina Street
Ermengarde Penhaligon,Veal - Nuckle,38.04,71,Breitenberg LLC,3 Anhalt Road
Colan Daveridge,Cup - 4oz Translucent,45.25,99,Breitenberg and Sons,71 Goodland Terrace
Oliviero Columbine,Otomegusa Dashi Konbu,92.73,28,Aufderhar-Beatty,9207 Ridgeway Terrace
Albertine Le Noire,Hersey Shakes,31.9,44,Dibbert and Sons,53 Oak Place
Kally Feehan,Mushroom - Porcini Frozen,69.23,59,"McClure, Spencer and Hammes",82 Eastwood Parkway
Bobbie Rosone,Peas - Frozen,88.85,91,Ernser-Schroeder,60 Old Gate Pass
Adella Newson,Flour - Fast / Rapid,36.4,88,Corkery-Williamson,60 Valley Edge Park
Eydie Huckleby,"Red Snapper - Fillet, Skin On",42.41,97,"Deckow, Welch and Green",76989 Gerald Parkway
Thelma Lambdean,Energy Drink - Redbull 355ml,30.68,74,Ondricka-Ryan,014 Eagle Crest Center
Ricardo Bauman,Apple - Fuji,71.37,28,Konopelski Group,0698 Steensland Parkway
Warner Pledger,Salt And Pepper Mix - White,9.51,75,Lynch and Sons,63 Merry Junction
Adara Jedrzejczyk,Temperature Recording Station,97.12,31,"Keeling, Bayer and Becker",1 Brentwood Junction
Lorie Bawden,Soup Campbells - Italian Wedding,73.9,34,"Paucek, Prohaska and Olson",09544 Browning Way
Caspar Donohue,Beer - Blue,33.77,39,Eichmann Inc,00 Banding Street
Amber Deaconson,Ice Cream - Chocolate,28.96,67,Turcotte-Zemlak,6 Armistice Court
Arte Siddle,Pie Shell - 5,1.26,54,,
Brenn Westcot,Cucumber - Pickling Ontario,80.15,93,Legros Inc,7 Johnson Alley
Doretta Lakenton,Lamb Tenderloin Nz Fr,93.6,65,,
Kyrstin Jobling,Kale - Red,45.11,91,Cormier-Durgan,4530 Anniversary Point
Ashlie Chilley,Beer - Rickards Red,74.19,47,West Group,542 Debra Park
Shanie Leakner,Veal - Provimi Inside,85.11,44,Emmerich-Reilly,13136 Nelson Road
Vail Besnard,Food Colouring - Pink,87.1,38,Reinger-Shields,0 Erie Alley
Janifer Skiplorne,Lettuce - California Mix,24.75,29,Herzog-Smith,101 Springview Court
Alessandra Gillie,Quail - Jumbo,62.98,13,"Pfeffer, Nolan and Lueilwitz",1736 Oneill Park
Prinz Kobiela,Clementine,99.01,42,Hayes LLC,80526 Carberry Trail
Lurline Davys,Wine - Two Oceans Sauvignon,98.0,73,Weimann-Rowe,18 Walton Road
Tannie Harston,"Bread - Multigrain, Loaf",73.79,66,,
Shalna Wesker,Chinese Foods - Thick Noodles,25.84,84,"Botsford, Reichel and Prosacco",2 Brentwood Point
Burtie Coolican,Tomatoes - Grape,50.28,80,"Fisher, Luettgen and Morissette",8202 Pearson Point
Alfie Kernell,Soup - Campbells,89.49,27,"O'Kon, Kohler and West",0670 Menomonie Point
Ellie Wyper,Eggplant Italian,72.36,41,Huels and Sons,40 Lien Circle
Dael Pickance,Mikes Hard Lemonade,92.52,41,Bergstrom-Runolfsdottir,6514 Ronald Regan Road
Clarie Leasor,Flour - Strong Pizza,24.73,62,,
Brit Ellwood,Lid Tray - 12in Dome,47.43,24,"Armstrong, Daugherty and Bartoletti",1655 Riverside Way
Welby Greenall,Mousse - Mango,10.26,25,"Leuschke, Steuber and Stamm",05 Kingsford Center
Pembroke Avrahamy,Cakes Assorted,92.56,-4,Mueller-Kuhic,99045 Grim Parkway
Newton Cirlos,Duck - Whole,9.97,36,Lehner-Blick,18 West Terrace
Perice Breslin,Juice - Lime,59.68,47,"Rogahn, Halvorson and Flatley",3 Weeping Birch Alley
Dalis Gilleon,Tomato - Plum With Basil,33.86,27,Lakin-Davis,01 Oneill Place
Lennie Furzer,"Bread - Bagels, Mini",32.75,38,"Howell, Lockman and Ullrich",15 Kensington Court
Quintin Enderson,Pork - Sausage Casing,88.08,13,"O'Keefe, Lindgren and Robel",529 Golden Leaf Trail
Eugenio Malec,Lettuce - Frisee,92.85,64,Streich Group,5683 Northland Center
Ogdon Penkman,Coffee - French Vanilla Frothy,82.16,16,Parisian-Schmitt,88 Hoffman Terrace
Claresta Coatham,"Wine - White, French Cross",7.74,49,Langworth-Sipes,26 Hovde Trail
Kettie Cometto,Sauce - Hoisin,38.77,96,Marvin Group,35 Hoard Junction
Wilona Maltster,Glucose,39.64,79,Ferry LLC,1422 Bobwhite Trail
Melli Geram,Ecolab - Hobart Washarm End Cap,26.9,74,King Group,657 Graceland Street
Sibel Rasp,Veal - Striploin,14.72,21,Smitham LLC,9 Glendale Crossing
Samara Audrey,Currants,15.37,32,"Willms, Pfannerstill and Kiehn",0 7th Pass
Rodina Delatour,Madeira,94.31,23,"Murazik, Upton and Kshlerin",723 Helena Road
Darb Grinyer,Soup - Base Broth Beef,69.88,58,Cole-Bode,57006 Mosinee Court
Marthena Stonham,Crab Brie In Phyllo,59.3,-5,Goldner-Olson,4 Buell Terrace
Karlotte Ancliffe,Pork - Ground,73.92,88,Hodkiewicz Group,285 Stone Corner Drive
Lorinda Dudmesh,"Cookies - Oreo, 4 Pack",,30,"Veum, McDermott and Walter",510 East Circle
Tynan Gianni,Bouillion - Fish,58.85,79,"Brown, Jacobi and Ruecker",32730 Cascade Alley
Eileen Kennefick,"Wine - Red, Mouton Cadet",,2,Von-Corkery,4 Eastlawn Parkway
Dodie Doyley,Extract - Raspberry,71.52,0,Kerluke-Cartwright,146 Sunbrook Parkway
Michaeline Vinnicombe,Bread - Multigrain Oval,48.67,26,Gulgowski LLC,98 Clyde Gallagher Road
Win Leidecker,Ham Black Forest,3.0,33,Hammes Group,2 Ohio Court
Marcelo Bloxsum,Sauce - Cranberry,71.96,75,Reichel LLC,603 Nancy Way
Rebekah Grigore,Gelatine Leaves - Envelopes,78.2,72,McClure-Bradtke,1 Rieder Way
Barbaraanne Lethardy,Mustard - Individual Pkg,33.54,67,Hodkiewicz-Lesch,6077 Swallow Center
Michele Matussov,Cookies - Englishbay Oatmeal,63.6,48,Berge-Fisher,685 Scoville Park
Aube Sorbey,Bar Nature Valley,98.2,18,Block-Blick,86 Leroy Avenue
Mikkel Sleite,Rambutan,36.78,73,"Rutherford, Kovacek and Mayer",0358 Gina Plaza
Hashim Waitland,Tea - Earl Grey,84.21,87,Goodwin LLC,18832 Utah Alley
Loralee Yelding,Grenadillo,71.47,18,,
Eugene Andrzejak,Bread - Pumpernickel,79.89,85,"Goldner, Wilkinson and Stark",2 Everett Drive
Zack Belcham,"Pasta - Penne Primavera, Single",24.72,42,"Bauch, Goodwin and Stanton",48 Fair Oaks Park
Anne Kinsley,Vinegar - Red Wine,89.6,1,Crona and Sons,5 Nova Court
Amory Vanyushin,Beef - Eye Of Round,56.45,-5,Homenick-Williamson,2 Mayfield Center
Xavier Ovendale,Pork - Kidney,6.85,14,"Dooley, Tillman and Cole",636 Shasta Junction
Netti Marritt,Chinese Foods - Pepper Beef,75.46,12,,
Jasmine Samwayes,Plasticspoonblack,44.89,30,Wiegand Group,1 Prairie Rose Way
Jesse Gilsthorpe,Buffalo - Tenderloin,55.47,45,"O'Reilly, Nitzsche and Gibson",3 Maple Way
Sarette Dancer,Pork - Back Ribs,,51,Kerluke-Howe,104 Hayes Drive
Lil Doick,Crab - Meat,5.93,96,Parker-Wuckert,4381 Dawn Hill
Thalia Rickell,Nut - Pumpkin Seeds,29.79,93,Gleichner LLC,9669 Pepper Wood Terrace
,,58.27,,Johns Inc,01 Waywood Parkway
Linus Slade,Tea - Camomele,24.83,56,Larson-Harber,888 Oneill Hill
Krispin Cossell,Beef - Inside Round,65.92,61,Stoltenberg-Conn,60042 Towne Court
Illa Delahunty,Smoked Tongue,86.81,39,Cummerata-Prohaska,42331 Division Lane
Hashim Roycraft,Bandage - Flexible Neon,72.64,3,"Ritchie, Swift and Halvorson",79 Ruskin Terrace
Carmencita Poyser,"Extract - Vanilla,artificial",4.64,6,Cummerata-Gutkowski,68202 Sutherland Way
Hugo Pierucci,Raisin - Dark,85.32,53,"Gorczany, Bogan and Klein",21 Susan Road
Judy Digweed,Wine - Port Late Bottled Vintage,37.78,75,Gutkowski LLC,51 Ludington Center
Eartha McKinie,Cookie Dough - Peanut Butter,29.51,94,"Kihn, Hermiston and Treutel",14844 Beilfuss Pass
,,64.22,,Barrows-Reilly,04 8th Alley
Finn Burd,"Pasta - Gnocchi, Potato",16.62,60,Casper-Yundt,3962 Johnson Drive
,,60.68,,"Mohr, Altenwerth and Reynolds",58 Fremont Junction
Toiboid Clopton,"Cheese - Woolwich Goat, Log",31.71,51,Franecki-Legros,79233 Emmet Street
Arlee Shercliff,Wine - Muscadet Sur Lie,99.13,21,,
Marabel Dammarell,Longos - Chicken Caeser Salad,14.42,76,"Hand, Ebert and Walter",7657 Milwaukee Park
Charmion Hessay,"Wine - Magnotta, White",8.38,-4,Okuneva-Rutherford,85 Grover Way
Tybi Caro,Oil - Cooking Spray,56.01,-1,,
Shannon Reddin,Cafe Royale,2.38,39,Padberg and Sons,36758 Karstens Plaza
Heddie Stonary,Wine - Sawmill Creek Autumn,14.12,79,Carter and Sons,500 Columbus Junction
Jeannette Tomaszkiewicz,Potatoes - Fingerling 4 Oz,61.24,42,"Jaskolski, Beer and Schowalter",79666 Grasskamp Circle
Tanitansy Keast,Lettuce Romaine Chopped,52.35,21,Becker-Cartwright,2 Redwing Avenue
Lura Perel,Lettuce - Radicchio,34.98,23,Runolfsdottir-Champlin,87 Manley Park
Lee Thunders,Pate - Peppercorn,32.42,0,Quitzon Group,96167 Kensington Lane
Hildy Lewens,"Capon - Breast, Wing On",19.74,50,Lowe-Erdman,7330 Ridge Oak Point
Celine Sabberton,Truffle Cups - Brown,88.39,70,Harris LLC,8 Old Gate Lane
Dyanna Huntriss,Wine - Sicilia Igt Nero Avola,40.9,47,"Reynolds, Baumbach and Schmeler",0 Kropf Junction
Rutter Hanhard,"Turkey - Breast, Double",11.42,17,"Jakubowski, Dickinson and Legros",24 Burning Wood Street
Belvia Gouch,Beer - Muskoka Cream Ale,95.58,42,,
Ransom Wishart,Crackers Cheez It,11.32,43,"Prohaska, Leuschke and Orn",0103 Rigney Parkway
Frannie Gurys,Crab - Meat Combo,13.36,71,"Braun, Kuphal and Dibbert",00803 Memorial Court
Abbie Pyser,Glass - Juice Clear 5oz 55005,3.68,-1,Blanda and Sons,7 Melrose Place
Ashley Minall,Chocolate - Dark,34.81,54,Kulas and Sons,1 Continental Circle
Rebe Duck,Tart - Lemon,86.98,1,Haley-Vandervort,10 Duke Junction
Broddy Richfield,Kellogs Cereal In A Cup,91.66,34,Casper Inc,27 Brentwood Road
Carter Lamblin,"Lemonade - Natural, 591 Ml",68.5,-3,Wilderman Inc,563 Harbort Road
Davidde Crummey,Broom Handle,57.37,44,Leannon-Bernier,0570 Oxford Way
Kandace Arnaudin,Gelatine Leaves - Envelopes,46.17,9,Mante-Grant,0667 Dexter Avenue
Reynold Ciccottini,Bread - Italian Sesame Poly,92.92,85,"Ullrich, Lang and Bartoletti",4 Leroy Junction
Ernestine Jeandin,"Salt - Rock, Course",6.36,84,Schneider-Upton,72791 Karstens Trail
Noelyn Liccardo,"Wine - Mas Chicet Rose, Vintage",27.88,96,Harvey and Sons,8609 Service Junction
Selby Cawtheray,Chocolate - Semi Sweet,58.92,38,"Volkman, Prosacco and Jenkins",3 Huxley Park
Gonzales McKeveney,Compound - Passion Fruit,85.38,30,Quitzon-Schmeler,7 Banding Drive
Alonso Joannidi,Plate Foam Laminated 9in Blk,26.04,-4,"Jerde, Hudson and Hagenes",8 Susan Junction
Simonette Bedow,Carbonated Water - Blackberry,1.56,-5,Volkman-Kub,6 Clarendon Plaza
Jayne Prettjohn,"Pasta - Penne, Rigate, Dry",90.36,99,"Howell, Friesen and Kub",343 Thompson Alley
Uta McKillop,"Lamb - Shoulder, Boneless",38.39,42,King Inc,05459 Erie Place
Kevan Mathy,"Cup - 6oz, Foam",65.62,-1,Spinka-Fay,364 Hallows Center
My Muzzi,"Shrimp - 21/25, Peel And Deviened",2.31,19,"Konopelski, Koepp and Wilkinson",038 Bartelt Plaza
Krystalle Bibbie,Olives - Morracan Dired,1.07,2,,
,,,,Yundt-Ullrich,6254 Holy Cross Hill
Cale Mattiuzzi,Momiji Oroshi Chili Sauce,40.55,98,Dickinson-Cronin,3098 Holmberg Hill
,,86.9,,Swaniawski-Steuber,4 Tennyson Terrace
Abagael Darville,Wine - Ruffino Chianti,25.04,53,Becker-Abbott,72240 Rigney Parkway
Lorna Dulson,Pastry - Plain Baked Croissant,84.01,-5,,
Nell Kissock,Filling - Mince Meat,42.95,-2,"Yost, Ratke and Miller",8492 Trailsway Crossing
Violetta Ickov,Beef - Ox Tongue,34.08,49,"Kling, Hartmann and Wilkinson",32081 Portage Pass
Almeria Malarkey,Compound - Orange,33.3,98,Leannon-Oberbrunner,2404 Prairieview Place
Niki Walstow,Wine - Magnotta - Cab Franc,97.8,49,Zieme Group,68 Thackeray Plaza
Madelaine Keitch,"Tarragon - Primerba, Paste",98.67,29,Raynor Group,9 Coolidge Lane
Thibaut Krelle,Longos - Penne With Pesto,52.28,10,Hayes-Parisian,155 Anhalt Center
,,64.9,,Strosin and Sons,2 Service Center
Burgess Pass,"Veal - Shank, Pieces",15.58,72,Okuneva Inc,3 Carey Alley
Timoteo Josephs,Browning Caramel Glace,25.14,40,"Kilback, Ratke and Schmeler",73 Vernon Plaza
Prentiss Figgures,Spice - Pepper Portions,16.33,87,Hauck-Kozey,68 Wayridge Terrace
Killian Gunda,"Peas - Pigeon, Dry",91.24,74,"Bode, Harvey and Cruickshank",46 Cardinal Lane
Virgie Ziemsen,Bread Crumbs - Panko,38.45,-1,"Watsica, Schmitt and Satterfield",132 Donald Crossing
,,38.17,,,
,,28.2,,Pfeffer-Stamm,1 Warbler Trail
Alexandra Robel,Vegetable - Base,,73,Nienow-Spinka,90249 Welch Point
Harli Dunthorne,Temperature Recording Station,19.52,87,O'Conner-Ernser,8 Butternut Trail
Robby Drohan,Sponge Cake Mix - Vanilla,83.53,8,"Heidenreich, Kshlerin and Hintz",04 Huxley Avenue
Inglis Skitteral,Wine - Pinot Noir Pond Haddock,67.1,11,Fisher-Kassulke,4875 Fallview Avenue
Lianna Seaborne,Tea - Jasmin Green,80.16,75,Eichmann-O'Conner,82 Cherokee Alley
Granthem Sage,"Pasta - Lasagna, Dry",98.63,-3,Hartmann-Monahan,5893 Waywood Point
Zack Boxen,Cake - Pancake,2.26,49,Greenholt-Kilback,66 Maryland Lane
Adan Castree,Wine - Casillero Del Diablo,42.6,60,Rath-Quigley,0 Lake View Drive
Debby Fillimore,Cheese - Camembert,72.47,3,"Breitenberg, Macejkovic and Emard",6 Scofield Crossing
Antonius Wilcock,Pepper - Orange,57.14,-3,Upton Inc,84556 Spaight Circle
Valenka Brugden,Appetizer - Crab And Brie,56.26,0,Schmeler-Ankunding,789 Mcbride Plaza
Netta Dooney,Easy Off Oven Cleaner,85.65,74,Muller-Lindgren,175 Straubel Alley
Rebeca Wapplington,Chicken Giblets,74.6,0,Rosenbaum-Ruecker,344 Warner Terrace
Casper McDonell,Creme De Cacao White,72.54,15,"Frami, Jacobi and Kub",92 Corben Center
Nettie Martusov,Pancetta,3.37,67,,
Lucio MacAlpine,Otomegusa Dashi Konbu,28.22,29,Waelchi-Eichmann,551 Annamark Center
Thorpe Abbots,"Asparagus - Green, Fresh",38.69,37,Blanda Inc,9 Bartillon Circle
Karilynn Giraldo,"Soup - Knorr, French Onion",62.74,18,Champlin Group,582 Bunker Hill Trail
Wang Ponnsett,Zucchini - Green,78.24,16,"Homenick, Kunde and Gislason",9195 Quincy Center
Eldridge Rickell,Venison - Racks Frenched,5.05,91,Mayert-Weissnat,5617 Towne Crossing
Portia Anstiss,Pepper - Pablano,32.49,30,"Thiel, Walter and Nienow",0282 Schmedeman Alley
Atalanta Swigger,Zucchini - Yellow,23.98,33,,
Alethea Tremayle,Wine - White Cab Sauv.on,23.54,42,Roob-Sawayn,4681 Messerschmidt Plaza
Ely Bricksey,Wine - Magnotta - Pinot Gris Sr,13.77,32,Kuphal-Fritsch,14 Express Hill
Laurens Recher,Cookies - Fortune,92.02,90,Heidenreich Inc,85 Forster Crossing
Rosanne Jeyness,Curry Paste - Green Masala,91.83,82,O'Reilly and Sons,0 Mitchell Terrace
Daryle Brandenburg,"Wine - White, Riesling, Semi - Dry",13.18,-2,Leffler-McCullough,44851 Moland Court
Demetre Semrad,Remy Red,66.8,11,,
,,64.84,,,
Gaston Shoebotham,Appetizer - Cheese Bites,1.55,31,"Johns, Gulgowski and Gottlieb",20237 Anhalt Trail
Emmi Francombe,"Yogurt - Raspberry, 175 Gr",43.79,66,,
Kitti MacDavitt,Bread - Corn Muffaletta,24.07,71,"Powlowski, Hackett and Lockman",5 Randy Hill
Wendye Sarney,Mackerel Whole Fresh,69.02,32,Kunde-Dooley,06 Glacier Hill Terrace
Bertine Powner,"Soup - Beef, Base Mix",71.16,12,Stracke-Dibbert,31275 Cody Terrace
Rochell Baudoux,Island Oasis - Sweet And Sour Mix,3.48,-1,Ryan-Carroll,2 Kinsman Trail
Irv Ibanez,"Crab - Back Fin Meat, Canned",18.31,87,Ferry-Grady,25939 Crest Line Hill
Brandy Gyurko,"Soda Water - Club Soda, 355 Ml",33.5,90,"Roob, Corkery and Brown",67 Melby Parkway
Guilbert Gauntley,Salt - Table,5.92,54,Graham-Kohler,6829 Browning Crossing
Jaquith Burgess,Cheese - Camembert,63.79,66,D'Amore-Brekke,7 Porter Lane
Charlotte Rosewarne,"Radish - Black, Winter, Organic",11.55,73,"Grimes, Parisian and Kshlerin",05 Sullivan Hill
Rem Lowless,Pate - Peppercorn,25.25,96,Klein Group,89 Coleman Junction
Suzi Knibbs,Huck White Towels,35.42,18,Okuneva Group,7894 Bashford Trail
Cobby Gargett,Flour - All Purpose,87.72,-3,"Smith, Turner and Hintz",7 Raven Plaza
Halley Braferton,Glaze - Apricot,45.16,78,"Legros, Tromp and Turner",3 Hooker Pass
,,73.76,,Murphy and Sons,61825 Karstens Avenue
Hebert Gunningham,"Soup - Campbells, Lentil",37.84,1,"Roob, Zieme and Casper",11 Sutteridge Road
Janie Tegler,Extract - Rum,2.81,79,Keebler Group,0 Division Drive
Gerrilee Emerine,Pastry - Choclate Baked,43.38,13,Klein Inc,299 Northport Point
Berry Wilkenson,Bar Bran Honey Nut,15.52,74,Brekke-Bayer,5 Dixon Avenue
,,88.19,,"Wehner, Walter and Jakubowski",797 Holy Cross Park
Hermie Clamo,Veal - Nuckle,15.38,30,Stracke and Sons,040 Knutson Lane
Regine Thaxton,Appetizer - Shrimp Puff,32.45,5,"Ernser, Stracke and Douglas",496 Express Point
Duff Briar,Beef - Bresaola,39.96,53,Goodwin LLC,27 Redwing Way
Rik Gormally,Cake Slab,66.79,83,Friesen-Sporer,41 Debs Avenue
Rockwell McLurg,Potatoes - Idaho 100 Count,57.93,30,Wisozk-Kris,46 Ridgeway Lane
Murvyn Gascard,Bay Leaf Fresh,83.57,-3,Moen-Swift,73 Gina Circle
Bertrand McAvey,Tea Peppermint,5.48,75,Zulauf-Halvorson,6827 Golf Terrace
Cherlyn Eddoes,Bread Roll Foccacia,69.71,39,"Hayes, Rolfson and Schumm",116 Bartillon Point
Redford Scarr,Red Pepper Paste,32.87,3,Kessler Inc,23631 Butterfield Junction
Woodrow Keers,Extract - Raspberry,7.28,48,Halvorson LLC,7 Fairview Pass
Heall Vasyukhin,Mix - Cocktail Ice Cream,6.32,-3,Lehner LLC,6125 Kensington Circle
Dniren Okell,Wine - Redchard Merritt,59.33,88,"Dietrich, Wilkinson and Hegmann",8 Marquette Park
Lilla Tremellier,Cake - Mini Cheesecake,47.34,97,"Emmerich, Wiza and Schmidt",765 Kensington Place
Donielle Kimmitt,Dooleys Toffee,78.17,4,"Mann, Feeney and Rice",51702 Clove Avenue
Annie Lorenc,True - Vue Containers,36.72,73,Denesik LLC,8460 Cascade Way
Gussie Dengate,Dried Peach,80.02,100,"Tremblay, Bode and Jones",624 Granby Street
Rubina Bleasby,Flower - Daisies,55.47,92,Green Group,3352 Main Pass
Melisa Pirot,Soup - Campbells Asian Noodle,74.67,6,Mosciski and Sons,4 Spenser Parkway
Tracee O'Flannery,Instant Coffee,35.9,86,"Crona, Jacobs and Bogisich",8254 Del Mar Hill
Eva Etheridge,Tomatoes,51.02,61,"Breitenberg, Dicki and Corkery",040 Brown Center
Jarvis Lawford,Onion - Dried,55.23,29,Schulist-Ebert,002 Dryden Way
Tuckie Gyde,Cucumber - Pickling Ontario,14.26,71,Kuhn Group,0 Sunfield Trail
Karl Van Hove,Veal - Ground,19.52,43,Smitham-Bins,62704 Clyde Gallagher Pass
Waylan Balharry,"Oil - Truffle, Black",99.26,78,Becker LLC,711 Messerschmidt Plaza
Nikolos Thewles,Okra,1.21,-3,Padberg and Sons,40 Red Cloud Alley
,,23.56,,"Abernathy, Cassin and Bogan",6 Lake View Road
Brynna MacKegg,Eel - Smoked,49.61,88,Herzog and Sons,16534 Lien Plaza
Dulci Haggart,Grenadillo,39.14,14,Schimmel Group,90192 Fair Oaks Road
Tandi Getley,Sauce - Caesar Dressing,97.41,100,"Boyle, Greenholt and Howell",41 Continental Avenue
Maryjane Bilbee,Creme De Cacao White,,42,Gleichner-Cummings,98147 Warner Parkway
Cosmo Attenbrough,Miso Paste White,39.83,53,Quigley Inc,40966 Garrison Lane
Federica Trappe,"Seedlings - Mix, Organic",17.46,30,Carter-Zboncak,456 Hayes Park
Frederigo Blacklidge,Cheese - Brie,62.29,34,"Goyette, Rippin and Crona",79683 Comanche Way
Crissy McIlwain,Corn Kernels - Frozen,14.71,99,Dietrich LLC,18 Kensington Court
Bogart Finders,Chocolate - Sugar Free Semi Choc,12.72,80,Schowalter Group,27 Basil Terrace
Willi Totman,"Wine - White, French Cross",21.39,27,"Reynolds, Bradtke and Becker",9 Shelley Crossing
Arlyne Duggen,Tea - Lemon Scented,14.35,19,Medhurst-Ernser,7 Glendale Court
Binny Bowlands,Lumpfish Black,29.3,42,"Keebler, Kuphal and McCullough",4 Derek Junction
Glori Beynkn,Nantucket Pine Orangebanana,48.44,82,Rau Group,845 Southridge Court
Ike Wilsone,Ice Cream Bar - Rolo Cone,48.7,34,Cormier Group,5469 Aberg Drive
Irwin Higgonet,Cheese - Grana Padano,37.98,6,"Ernser, Zemlak and Davis",1018 Mayer Park
Crystal Marrill,"Soup - Campbells, Creamy",47.93,65,"Wiza, Daugherty and Torp",6 Eagan Street
Rosaline Perillo,Mushroom - Morel Frozen,93.89,15,Adams and Sons,0 Gerald Center
Meredith Shuker,"Vodka - Hot, Lnferno",58.11,17,"Toy, Hessel and West",2 Arkansas Street
Allyce Pendrid,Sauce - Vodka Blush,41.82,26,,
Tabbatha Roggero,Eggplant - Asian,59.52,41,"Labadie, Barrows and Zemlak",5 Ruskin Drive
Feodora Truwert,Wine - Ice Wine,15.56,75,"Franecki, Langosh and Kiehn",1420 Maple Road
Pietrek Dormon,Lamb - Ground,70.0,-3,Auer Group,9 Debs Court
Obidiah Attree,Pasta - Cheese / Spinach Bauletti,59.01,21,Bode-Morissette,719 Victoria Road
Clemmy Canfield,Rabbit - Whole,3.31,-5,"Treutel, Gorczany and Tremblay",16 Waubesa Point
Cyril Clemenzi,"Veal - Round, Eye Of",49.86,37,"Wintheiser, Carroll and MacGyver",5 Cherokee Street
Gearard Mathivat,Wine - Zinfandel Rosenblum,39.05,75,Johnston Inc,58 Packers Circle
Hoebart Harrell,"Pail - 15l White, With Handle",29.15,79,Price-Stokes,7 Thierer Drive
Teddie Brechin,Lid - 3oz Med Rec,54.06,93,Walsh-Renner,3891 Sutteridge Crossing
Wilow Barrowcliffe,"Pail - 4l White, With Handle",15.07,-1,Witting-Parisian,35 Elmside Hill
Dorree Neave,Lamb - Sausage Casings,48.34,5,Feest-Satterfield,2075 Tony Junction
Lisha Baiss,"Cake Circle, Foil, Scallop",1.77,66,Purdy-Ernser,21 Anderson Point
Starlin Jewel,"Crab - Claws, Snow 16 - 24",5.42,6,"Upton, Green and Hayes",150 Tomscot Place
Orv Goney,"Veal - Shank, Pieces",83.02,26,"Champlin, Cummerata and Powlowski",80939 Sauthoff Court
Elisabeth Erangey,Cookie Dough - Peanut Butter,76.63,67,Ryan Inc,2 Kensington Lane
Wallas Kuscha,Apples - Spartan,43.6,13,Yost Group,9011 Hudson Trail
Mariellen Clapp,"Lid - Translucent, 3.5 And 6 Oz",35.27,50,,
Mariann Dolby,Irish Cream - Butterscotch,55.55,63,Gleason-Batz,07 Lerdahl Plaza
Orelee Togwell,Pork Casing,87.83,8,"Hilll, Reilly and Terry",0 Gale Drive
Arlee Colenutt,Butter Sweet,12.07,8,,
Cory Breem,Bay Leaf,94.35,86,Kozey and Sons,9632 Michigan Plaza
Sigmund Arias,Container - Clear 16 Oz,57.94,50,,
Hi Simmins,"Beef - Cooked, Corned",55.46,90,Tremblay-Kunde,24825 Daystar Hill
Brook Paulitschke,Rice - Wild,1.31,97,Mueller Inc,2132 Troy Pass
Nixie Featherstonhalgh,Pie Filling - Cherry,81.81,74,Ortiz-Howe,28137 American Center
Errick Edgett,Garlic,2.98,17,Zieme-Balistreri,622 Muir Drive
Tricia Adcocks,Flour Dark Rye,25.93,79,Batz-Crona,955 Dayton Lane
Phyllida Euesden,Bread - Raisin Walnut Oval,24.53,34,Satterfield-Murphy,04040 Fair Oaks Place
Brit Gainforth,"Pasta - Gnocchi, Potato",53.86,41,"Durgan, Wuckert and Sawayn",89 Division Trail
Ignacio Goodsal,Momiji Oroshi Chili Sauce,61.04,32,Gislason Group,885 Florence Pass
Adler Vizard,Sausage - Andouille,72.16,5,Weimann-Gutmann,025 Knutson Point
Morgun Dresser,Water - Evian 355 Ml,54.63,77,Donnelly-Lueilwitz,3246 Tennessee Avenue
Duncan Lowing,"Mushroom - Porcini, Dry",34.55,53,Maggio Inc,147 Sullivan Pass
Doralynn Burr,Pepper - Gypsy Pepper,31.42,87,Waters and Sons,8873 Sherman Avenue
Albie Crombie,Table Cloth 54x54 White,93.23,70,Lehner and Sons,7 Melody Park
Netta McClory,Trueblue - Blueberry 12x473ml,93.4,74,"Denesik, Herzog and Luettgen",0 Esker Street
,,,,Kilback and Sons,91731 Quincy Circle
Jany Trustie,Wine - Puligny Montrachet A.,92.08,48,Friesen and Sons,8247 Dwight Crossing
Kelby Mantz,Clementine,20.57,64,"Wiza, Steuber and Bernier",24 Comanche Pass
Davidde MacGragh,Pork Loin Bine - In Frenched,32.79,81,Kuhic LLC,8 Katie Parkway
Lucky Stegel,Lettuce - Boston Bib - Organic,14.5,65,Treutel Group,795 Burrows Trail
Donelle Ivanonko,Turnip - Mini,7.16,41,"Runolfsson, Hartmann and Hackett",4 Barnett Park
Oliver Guerreru,Cheese - Wine,83.33,11,,
Regan Stimson,Coffee - Hazelnut Cream,30.54,88,"Boyer, Mraz and Wintheiser",41809 Ronald Regan Road
Kearney Doni,Pastry - Apple Muffins - Mini,76.66,38,"Heaney, Shanahan and Kiehn",76 Goodland Park
Kathy Jaggar,Tea - Black Currant,56.92,97,"Willms, Paucek and Dicki",268 Brown Trail
Duffy Jerschke,Wasabi Powder,16.4,36,Yundt LLC,4 Brown Junction
Moritz Oxe,Bar Bran Honey Nut,9.11,92,Luettgen-Kessler,21300 Melvin Parkway
Edik Sexcey,Sherbet - Raspberry,80.4,74,"Schamberger, Johnston and Hermann",98 Waywood Plaza
Lorilee Havoc,Long Island Ice Tea,10.91,41,Haley LLC,068 Sauthoff Pass
Francyne Capeling,Gatorade - Orange,28.55,0,Douglas-Abbott,18469 Carioca Court
Cheslie McGaughay,"Lemonade - Natural, 591 Ml",37.41,94,Jacobson Inc,97 Sunfield Point
Rae Kloss,Apple - Macintosh,34.31,65,"Hansen, Pfeffer and Stamm",4497 Lighthouse Bay Drive
Elisha Woolatt,Garlic - Elephant,61.14,92,"Renner, Mraz and Upton",70883 Oxford Trail
Arnaldo Maffeo,Pork - Suckling Pig,79.27,-3,"Ledner, Hilll and O'Hara",23 Maple Terrace
Corrie Sansam,Island Oasis - Magarita Mix,13.52,62,Dicki Group,8461 Artisan Way
Lonni Warbey,Sugar - Monocystal / Rock,18.12,63,Dickens-Reichel,53440 Pine View Pass
Fax McReidy,Coffee - Decafenated,80.36,-5,Waelchi Group,92012 Blue Bill Park Street
Renado Spillett,Wine - Hardys Bankside Shiraz,95.1,66,Bashirian-Homenick,18 Kennedy Avenue
Lorri Fugere,"Melon - Watermelon, Seedless",89.08,96,Breitenberg and Sons,44 Meadow Valley Alley
Maribelle Matyja,Lotus Rootlets - Canned,27.31,49,Turcotte LLC,9546 Pankratz Avenue
Earl Peschke,Breadfruit,24.54,20,Breitenberg LLC,66836 Saint Paul Way
Pauly Sussans,Sour Cream,47.61,91,Hickle LLC,877 Lerdahl Road
Florie McElree,Cactus Pads,32.65,97,Jacobi and Sons,01678 Lakewood Gardens Terrace
,,82.51,,O'Reilly Group,75568 Monica Point
Boy Kunzelmann,"Tray - Foam, Square 4 - S",11.08,23,"Pagac, Thiel and Schaefer",70 Hoepker Road
Ruperto Petren,"Oil - Shortening,liqud, Fry",88.23,39,"Huel, Lakin and Thiel",8 Summer Ridge Trail
Caspar Boothroyd,Bread - Pain Au Liat X12,99.42,-5,Pfannerstill-Schimmel,07 Veith Trail
Haskell Sheron,Water - Perrier,90.91,76,,
Eimile Scarrott,Tomatoes,46.51,-3,"Hauck, Skiles and Paucek",749 Dunning Street
Veriee Vaud,Wine - Trimbach Pinot Blanc,1.34,77,"Shanahan, Labadie and Feest",8056 Gerald Plaza
Reynold Sears,Cheese - Mix,9.41,13,"Mann, Hahn and Ernser",4 Northview Crossing
Nicoli Yanele,Table Cloth 62x114 White,52.93,64,Kassulke-Hartmann,0764 Goodland Place
Alexei Moreinis,Container Clear 8 Oz,55.3,17,"Hagenes, Brown and Nolan",688 Lakeland Crossing
Lauraine Partner,Calvados - Boulard,32.23,36,Luettgen-Swaniawski,23043 Bunting Drive
Ardith Myrkus,Pastry - French Mini Assorted,58.79,91,VonRueden Inc,48338 International Parkway
Carry Copnell,Ice Cream Bar - Oreo Sandwich,28.86,65,Deckow-Tremblay,75745 Prentice Point
Tracey Petracco,Rolled Oats,7.42,82,Pollich Group,95 Randy Terrace
Mark Cheves,"Water - Mineral, Natural",,97,"Schamberger, Hegmann and Mayer",9 Nancy Point
Essa Olney,"Sparkling Wine - Rose, Freixenet",54.12,43,Tremblay Group,13920 Fisk Way
Carolina Montes,Sausage - Liver,56.25,51,Jerde LLC,37513 Kinsman Court
Reeta Peacop,"Vinegar - Balsamic, White",79.85,68,Lubowitz-Keeling,6 Fair Oaks Terrace
Fidelity Rizzone,Water - Evian 355 Ml,52.88,61,"Treutel, Schuster and Grant",65 David Lane
Enrica Lintin,Flour Pastry Super Fine,26.9,58,"Sipes, Abernathy and Dooley",14026 Butternut Place
Peggie Berthome,Garlic - Peeled,63.24,58,Schuster and Sons,889 Daystar Pass
Cordi Hagwood,"Cheese - Cheddar, Mild",76.37,23,Douglas-Dach,8760 Crowley Trail
Amanda Bysh,Flower - Daisies,37.98,42,Sanford Group,106 Dorton Trail
Becky Cassius,"Octopus - Baby, Cleaned",,18,"McLaughlin, Swift and Auer",26 Utah Place
Iggy Szachniewicz,Filo Dough,46.16,46,Mueller-Bergstrom,93 Mesta Trail
Ulrikaumeko Addinall,Ginsing - Fresh,84.56,83,Goodwin-Schroeder,67005 Jay Circle
Padget Lockie,Artichokes - Jerusalem,67.5,45,Kemmer Inc,5488 Esker Pass
Worthington Chasmar,"Tart Shells - Savory, 2",20.83,90,,
Rosalynd Bradforth,Mushroom - Chanterelle Frozen,70.12,-1,Collier-Wisozk,3371 Paget Circle
Patty Trebilcock,Skewers - Bamboo,98.15,40,"Leannon, Jerde and Deckow",01 Service Plaza
Hilliard Pietruschka,Daikon Radish,3.01,49,Brekke and Sons,1 Pennsylvania Road
Lari Baine,Salmon - Fillets,80.15,-2,Welch Inc,59564 Kings Crossing
Denice Gostall,Temperature Recording Station,20.22,11,Metz Inc,5 Farragut Crossing
Amalia Iron,Beef Ground Medium,72.96,23,Yundt-Langworth,3580 Eagle Crest Hill
Hart Aleksandrikin,Food Colouring - Blue,35.98,11,Gleason Inc,1 Kennedy Park
Augusta Crepel,Vector Energy Bar,37.37,-2,"Labadie, Howell and Stark",6010 Corben Hill
Derk Bownde,Bread Crumbs - Panko,95.48,51,Schneider-Padberg,15 Vidon Avenue
Samuele Allden,Wine - Kwv Chenin Blanc South,,60,Bednar-Treutel,3675 Erie Court
Art Ballantine,Muskox - French Rack,93.08,84,Lindgren and Sons,84 Becker Place
Lexie Domleo,Alize Red Passion,48.1,39,Ledner-Kub,58890 Morning Place
Cate Pleager,Cleaner - Pine Sol,40.64,51,Harber Inc,0845 Riverside Point
Rozalie Heindrick,"Beef - Rib Roast, Cap On",9.85,-5,Larkin-Dietrich,87 Northridge Terrace
Normand Vaissiere,"Juice - Apple, 1.36l",82.64,64,Thiel-Goodwin,8799 Carpenter Street
Valera Crackett,"Lobster - Tail, 3 - 4 Oz",26.96,7,Walsh Inc,863 Sherman Place
Marlo Esterbrook,"Croissant, Raw - Mini",40.93,92,"Gleason, Braun and Marvin",1 Londonderry Lane
Obadias Foard,Wine - Zinfandel Rosenblum,17.91,90,"Schroeder, Schimmel and Lemke",4813 Warrior Circle
Adham Arendsen,Tuna - Sushi Grade,62.46,82,Doyle Group,1 Vahlen Road
Ailsun Syred,Nantucket - Pomegranate Pear,67.09,79,Thompson-Heller,90 Butterfield Street
Olivette Moss,"Rum - Coconut, Malibu",47.43,13,Zboncak-Ondricka,70281 Starling Park
Skell Perroni,Alize Red Passion,14.56,2,"O'Connell, Ziemann and Weissnat",686 Arrowood Trail
Shepperd Terzo,Coffee - Irish Cream,23.44,47,"Ortiz, Pfeffer and Dach",5 Forest Run Crossing
Quinn Haigh,"Nut - Pecan, Pieces",85.54,0,"Schmeler, Donnelly and Hilpert",9 Scoville Road
Evelin Mattea,Squid Ink,47.26,95,Jenkins LLC,44 Grayhawk Park
Yorgo Brodbin,Chef Hat 20cm,35.77,53,Lubowitz-Wiza,82 Farmco Crossing
Ingrid Patrickson,Molasses - Fancy,95.98,61,"Metz, Moen and Dach",923 Merchant Street
Kimberly Atty,Bread - Sour Batard,16.68,1,"Baumbach, Glover and Gottlieb",75 Anhalt Plaza
Carmelle Quaif,Basil - Seedlings Cookstown,57.78,21,"Deckow, Russel and Ernser",9312 Logan Hill
Christiana Burnside,Pasta - Orecchiette,1.12,86,Ebert and Sons,89 Carberry Junction
Lin Ogger,Tuna - Fresh,85.29,32,Reichel-Hintz,19 Hollow Ridge Way
Nickie Eastridge,"Lamb - Loin, Trimmed, Boneless",65.77,21,"Koepp, Renner and White",156 Tony Place
Alastair Schollick,Southern Comfort,18.74,7,Weissnat and Sons,917 Burning Wood Drive
Zechariah Blabey,Wine - Rosso Toscano Igt,45.1,2,Buckridge-Kris,680 Manley Hill
Cece Osmant,Beef - Cow Feet Split,63.73,27,Emard Group,53375 Red Cloud Alley
Marrissa Kiossel,"Lamb - Loin, Trimmed, Boneless",35.33,17,Koch-McKenzie,754 Carioca Avenue
Kirbee Shrieves,Wine - Fat Bastard Merlot,55.81,56,"Fisher, Terry and Harvey",3 Commercial Place
Rex Fontelles,Quail - Jumbo,48.97,23,Dietrich-Mayer,7 Arapahoe Drive
Evelyn Treadger,Lighter - Bbq,11.51,67,Hahn-Huels,170 Gateway Avenue
Judd Patemore,Jello - Assorted,18.79,33,Champlin Inc,9 Blaine Street
Gibb Triplett,"Flour - Bran, Red",11.1,95,Oberbrunner-Kiehn,1 Vera Place
Adolf Kensley,Steampan - Foil,50.57,4,"Parker, Weber and Anderson",3 Lukken Junction
Karly Boocock,"Mushroom - Oyster, Fresh",33.57,31,Mitchell Group,732 Jenna Point
Harbert Fulep,"Tart Shells - Sweet, 3",65.42,24,Feeney-Lakin,60 Shelley Road
Barnie Wakelam,Spring Roll Wrappers,8.75,57,"Metz, Schaden and Weimann",31862 Service Drive
Malena Theyer,Chips Potato All Dressed - 43g,24.32,75,"Dibbert, Koch and Botsford",919 Dwight Street
Meredeth Ginty,Raspberries - Frozen,66.02,77,Reinger-Schamberger,46 Northwestern Hill
Mellicent Woodward,Soup - Campbells Chicken,1.06,66,Wisozk-Heidenreich,674 Dennis Street
Gavrielle Verlander,Pepper - Gypsy Pepper,7.45,65,,
Duke Pargent,Dry Ice,62.61,56,Collier-Homenick,0 Buhler Court
Brynn Berrick,Egg Patty Fried,10.99,51,Denesik-Shields,98119 Banding Park
Davy Colbrun,Cookie - Oreo 100x2,23.43,69,"Hickle, Goodwin and Welch",957 Melrose Place
Valentine Dearman,Containter - 3oz Microwave Rect.,85.51,77,"Hartmann, Berge and Willms",37793 Onsgard Hill
Anne-marie Bulpitt,"Chicken - Leg, Fresh",89.8,48,Hand LLC,12 Northport Center
Ainslie McShirrie,Island Oasis - Pina Colada,51.05,57,Cummings-Bernhard,66 Hooker Crossing
,,58.06,,Donnelly LLC,234 Sunnyside Hill
Geri Carradice,Compound - Rum,91.8,86,"Dare, Kutch and Huel",3546 Cody Avenue
Ruthann Burrells,Wine - Taylors Reserve,95.05,36,Lesch Group,4 Hallows Crossing
Joann Haylor,"Soup - Beef, Base Mix",57.96,81,Pfeffer-Schneider,2282 Coleman Avenue
Shepperd Annice,Chutney Sauce,4.23,43,Conroy-Boyle,4807 Marquette Drive
Griffith Lambkin,Lotus Leaves,90.57,89,Brekke Group,4 Straubel Court
Ellissa Mussotti,"Sauce - Bernaise, Mix",40.41,83,McLaughlin-Kerluke,29473 Sachs Road
Bryana McGonigal,"Apple - Delicious, Red",60.76,65,"Medhurst, Macejkovic and Hickle",4 Onsgard Trail
George Weale,Wine - Casablanca Valley,81.03,94,Ritchie-Rath,72577 Kedzie Hill
Fayth Jordon,Banana,65.65,87,"Lynch, Gerlach and Rempel",782 Tennessee Pass
Ealasaid Halloran,Pineapple - Regular,80.64,47,"Lemke, Renner and Connelly",6 Buell Crossing
Maison Sappson,Nantucket Cranberry Juice,62.29,-4,Barton Inc,175 Holy Cross Drive
Chryste Methringham,Lobster - Tail 6 Oz,43.46,8,Stroman Inc,45 Farwell Lane
Elsbeth Hundell,"Wine - White, Riesling, Semi - Dry",36.31,88,"Littel, Brekke and Rowe",34237 Truax Point
Sherilyn Topaz,"Wine - Magnotta, Merlot Sr Vqa",,85,Waelchi and Sons,45406 Elmside Park
Blisse Cowgill,"Chicken - Base, Ultimate",18.43,14,Vandervort-Haley,63819 Thompson Drive
Netti Quigg,External Supplier,28.48,11,Gorczany and Sons,013 Redwing Street
Evita Snartt,Lettuce Romaine Chopped,27.92,80,"Zulauf, McClure and Streich",4 Muir Plaza
Marris Mattack,Sugar - Icing,1.75,25,Quigley-Sawayn,6952 Talisman Alley
Trevar Colnett,Pepper - Jalapeno,73.98,15,Mann Group,42 Forest Dale Point
Gay Zielinski,Chicken - Whole Roasting,9.15,69,Prohaska and Sons,958 Brentwood Road
Devan Boyse,Southern Comfort,54.81,41,"Russel, Hansen and Adams",3 Eggendart Parkway
Reynard Minty,Coconut Milk - Unsweetened,2.88,27,"Hane, Skiles and Lehner",056 Lakewood Gardens Pass
Karry Tomasini,Calypso - Lemonade,43.76,51,Stiedemann-Heathcote,7390 6th Way
Fredelia Brooksbank,Sauce - Fish 25 Ozf Bottle,17.28,44,,
Cecil Rawll,Pumpkin - Seed,45.4,96,Treutel-Flatley,53 Sunbrook Plaza
Arlena Brailsford,Extract - Raspberry,61.89,70,Vandervort-Jacobson,9 Artisan Avenue
Chicky Cranmer,Cheese - Ermite Bleu,61.17,65,Nolan Group,302 Westridge Court
Alberto Gohier,Ice Cream Bar - Drumstick,73.65,52,Ondricka-Satterfield,1 Melody Point
Rivi Heino,English Muffin,45.78,74,"Tremblay, D'Amore and Howell",1 Grim Court
Meghann Astbury,Nantucket - Pomegranate Pear,8.98,61,Treutel Group,77482 Mallard Place
Basile Druitt,"Veal - Chops, Split, Frenched",7.66,62,"Hodkiewicz, Champlin and Dare",86 Mcbride Court
Mitchael Hebblethwaite,Muffin Hinge Container 6,59.59,66,Howell-Hauck,4543 Independence Avenue
Mic Yurkiewicz,Puree - Guava,66.42,54,,
Tracy Flips,Flour - All Purpose,92.79,83,"Barton, McDermott and Howe",72528 Evergreen Parkway
Nickie Burry,Cheese Cloth No 100,65.02,77,"Grady, Kuvalis and Jacobson",29 Bowman Junction
Barret Lettley,Juice - Lemon,46.87,88,Gibson Inc,307 Vermont Pass
Goldarina Henriet,Strawberries - California,58.19,18,Fadel Inc,212 Menomonie Pass
Kippie Cast,The Pop Shoppe - Grape,67.36,4,Pollich-Brown,29 Tomscot Place
Cheslie Reaney,Muffin - Bran Ind Wrpd,24.01,62,Turner-Mohr,42 West Parkway
Hobard Kemm,Cumin - Whole,88.54,-4,Fay-Renner,221 Prairieview Center
Nerti Banford,Noodles - Steamed Chow Mein,21.02,55,Hettinger and Sons,9 Scoville Way
Jermaine Lehenmann,Buffalo - Tenderloin,59.08,22,"Turner, Boyer and Wiza",0 Ramsey Court
Easter Sandeford,Cheese - Brie,54.37,27,"Schmeler, Frami and Pouros",7 Sundown Junction
Shayne Guilder,Pork - Kidney,79.74,18,Waelchi-Wehner,7506 Oakridge Alley
Emery Hawgood,"Juice - V8, Tomato",96.83,96,"Wolff, Mueller and Tillman",7 Mendota Trail
Lemuel Ondrasek,Chocolate Bar - Oh Henry,51.03,92,Bins Group,87 Marcy Way
Dianemarie Sherebrooke,Red Cod Fillets - 225g,4.83,34,Dooley and Sons,7 Ohio Center
Dietrich Blune,Cookie - Dough Variety,14.03,25,"Ernser, Okuneva and Ratke",0 Sunnyside Road
Hilario Prue,Lemon Tarts,51.33,80,Schuster Inc,42 Vera Circle
Konstantine Keijser,"Doilies - 5, Paper",78.83,57,"King, Romaguera and Hermiston",8293 Montana Trail
Dirk Tregian,Sunflower Seed Raw,98.7,70,"Hermann, Klein and Blanda",42624 Westridge Avenue
Gaspar Norcross,Lamb Rack Frenched Australian,97.84,20,Stracke LLC,41777 Dunning Parkway
Lucine Islip,Swordfish Loin Portions,63.29,50,Reinger-Breitenberg,7970 Carey Park
Winfield Cumbridge,Coffee Cup 12oz 5342cd,1.43,15,Wehner and Sons,26 Melvin Drive
Morgana Teesdale,Cheese - Le Cheve Noir,34.56,87,"Kemmer, Haag and Monahan",8 Lakewood Gardens Center
Melody Bonehill,"Nut - Pistachio, Shelled",87.21,-5,Keeling-Beer,928 Ridge Oak Place
Cornall Blant,"Syrup - Monin, Swiss Choclate",58.46,7,"Macejkovic, Bartoletti and Turcotte",33637 Michigan Junction
Alis Christie,Ecolab - Hobart Upr Prewash Arm,60.73,10,Corwin-Daugherty,7878 Old Gate Drive
Dulcia Bouette,Bay Leaf Fresh,13.46,4,"Quigley, O'Connell and Schuppe",323 Moland Lane
Sheela McGaraghan,Butter - Salted,26.54,70,Schneider-Predovic,42 Gale Street
Lexis Imison,Lid Coffeecup 12oz D9542b,48.7,91,Kuhn-Steuber,633 Express Drive
,,25.59,,Schiller LLC,318 Northridge Court
Mortimer Johnigan,Chutney Sauce,84.73,31,Stroman Inc,88 Montana Junction
Cordie Cyples,Flour - All Purpose,82.47,48,"Labadie, Feest and Dooley",17 Arizona Street
Jackie Liebermann,Muffin Mix - Lemon Cranberry,31.82,47,O'Connell-Jacobs,24293 Parkside Point
Demetri Cargenven,Cookies - Englishbay Wht,2.68,38,"Kunde, Witting and Aufderhar",410 Westport Place
Gail Oldroyde,Pork - Inside,19.05,9,"Bins, Ondricka and Hilll",56205 Bultman Circle
Pasquale Sambeck,Sambuca - Opal Nera,4.16,77,Daniel-Smitham,8745 Farmco Road
Cymbre Elsom,Flavouring - Rum,74.53,5,"Rodriguez, Bednar and Wilkinson",8861 Monument Avenue
Yolande Stonary,"Soup - Cream Of Broccoli, Dry",15.65,-5,Reichert Inc,70641 Crowley Hill
Roderich Dobrowolny,Pan Grease,24.93,35,,
Luigi Bernasek,"Bar Mix - Pina Colada, 355 Ml",49.0,79,"Bechtelar, Kutch and Kihn",65 Leroy Lane
Janene Antrobus,Corn Kernels - Frozen,83.21,76,Watsica-Doyle,97638 Washington Park
Anna-maria McDowell,Clam - Cherrystone,38.57,59,"Purdy, Jast and Feil",0 Buhler Junction
Fayina Face,Chocolate Bar - Oh Henry,88.07,-3,Aufderhar-Borer,3984 Amoth Crossing
Hube Guswell,Lid Tray - 16in Dome,48.99,33,Parisian Inc,868 Commercial Junction
Alexa Wigmore,"Asparagus - White, Canned",11.49,38,"Padberg, Schimmel and Dibbert",4558 Caliangt Way
Claudius McMullen,Turkey - Ground. Lean,70.28,86,Bahringer-Zemlak,010 Mallard Alley
Cosimo Greenset,Sauce - Hoisin,45.33,94,,
Aurthur Joule,Water - Perrier,35.7,63,"Gaylord, Rice and Lakin",3151 School Drive
Ogdan Aldous,Chutney Sauce - Mango,75.02,43,"Rippin, Schinner and Quitzon",951 Westend Place
Ermin Figures,"Lid - 10,12,16 Oz",51.34,24,Marks-Hahn,7654 Haas Place
Arnie Duerdin,Marjoram - Fresh,9.11,17,"Christiansen, Herzog and Roberts",5593 Mandrake Street
Chantal Maplestone,Galliano,1.66,83,,
Jakie Marchington,"Bread - Roll, Italian",30.65,5,"Pfannerstill, Schoen and Harvey",84 Transport Trail
Poppy Daveridge,"Beef - Rouladin, Sliced",55.24,74,"Cruickshank, Sawayn and Mueller",7021 Glendale Crossing
Ibbie Padkin,Eggplant - Asian,32.62,11,Rosenbaum-Paucek,26795 Kedzie Center
Linzy Lumpkin,Fork - Plastic,57.01,76,Hickle-Connelly,2 Farwell Way
Rockwell Dreye,Beef - Sushi Flat Iron Steak,94.36,93,Leffler-Cummings,8439 Mendota Road
Yettie Besnard,Icecream - Dstk Strw Chseck,87.93,42,Luettgen-Herzog,4767 Anthes Lane
Roderic Lehemann,"Juice - Cranberry, 341 Ml",69.74,78,Purdy-Will,3 Melrose Way
Annelise Cheltnam,Bread - Malt,44.22,17,,
Ax Roffe,Muffin Mix - Raisin Bran,8.21,12,"Schuppe, Kihn and Harris",017 Talisman Park
Anton Warret,"Beans - Kidney, Red Dry",22.25,42,Padberg-Ebert,9317 7th Circle
Myrtia Ramme,Pepper - Yellow Bell,80.98,29,"Stehr, Daugherty and Carroll",8792 Carpenter Point
Emelia MacKey,Seaweed Green Sheets,5.16,93,Dibbert and Sons,74 Eagan Lane
Timmie Denzey,"Oil - Truffle, Black",35.7,65,Marvin-Torp,82436 Dexter Plaza
Agnola Brellin,"Olives - Black, Pitted",93.96,90,McClure Group,8 Badeau Street
Eloisa Dench,"Wine - Red, Lurton Merlot De",3.43,16,"Kris, Feil and Sanford",04885 Clemons Drive
Germain Aiers,Wine - Chateauneuf Du Pape,94.0,71,"Cremin, Bahringer and Bechtelar",2060 Holy Cross Pass
Myles Cheesley,Jicama,35.69,37,,
Cristian Burndred,Mcgillicuddy Vanilla Schnap,71.49,6,"Mitchell, Casper and Klocko",39119 Graceland Drive
Rodney Bagnold,Hog / Sausage Casing - Pork,7.8,28,"Littel, Stiedemann and Herzog",108 Almo Park
Kaiser Gammon,Cheese - Swiss Sliced,65.19,100,Jacobi LLC,887 Parkside Avenue
Christyna Mayfield,Grenadine,34.18,2,"Trantow, Hyatt and Franecki",187 Kinsman Trail
,,77.67,,McLaughlin-Schowalter,4668 Cardinal Terrace
Carlee Witcherley,Kumquat,4.96,23,Ullrich-Prosacco,8 Linden Parkway
Anthony Pietzner,Compound - Rum,12.99,49,Lakin-Wisozk,2735 Meadow Vale Way
Lothaire Tarr,Water - Perrier,60.19,1,"Grady, Larson and Koss",2949 Packers Point
Julie De La Haye,Tomatoes Tear Drop,18.14,20,Lakin and Sons,32254 Michigan Way
Jaine Filipov,Cognac - Courvaisier,51.52,77,"Walsh, Lueilwitz and Smitham",67774 Badeau Terrace
Jasmine Beneze,Cheese - Brick With Onion,27.46,86,Hayes-Hettinger,17 Hintze Center
Miranda Cicchinelli,Sauce - Demi Glace,71.23,45,Moore Inc,7 Porter Junction
Adelle Romain,"Juice - V8, Tomato",68.45,28,,
Carina Osgarby,"Juice - Tomato, 10 Oz",34.56,93,Gislason Inc,81 Kim Crossing
Brook Spurrett,Bread - Burger,21.26,40,"Cruickshank, Ankunding and Turcotte",7 Bay Circle
Leticia Farnill,"Bread - Roll, Canadian Dinner",73.81,98,Ortiz-Schamberger,708 Ramsey Street
Desmond Rickis,"Pasta - Rotini, Colour, Dry",64.06,96,Sanford-Hayes,9 Mayfield Hill
Susanna Alkins,Bread Crumbs - Panko,39.15,10,Lebsack-Parker,320 Transport Street
Ranee Downey,Browning Caramel Glace,19.09,98,Mann-Lakin,40 Montana Trail
Rachele Dionisetto,"Cheese - Romano, Grated",80.49,93,Mayer LLC,70955 Transport Park
,,14.32,,Glover Inc,22879 1st Way
Karin Meece,Spinach - Spinach Leaf,31.65,15,,
Arielle Bumphries,Whmis Spray Bottle Graduated,77.06,51,O'Connell-Douglas,559 Dwight Pass
Elane Stefanovic,Langers - Ruby Red Grapfruit,91.0,42,Jakubowski Group,01014 Pond Place
Mella Wardlow,Curry Paste - Green Masala,61.1,86,Cummings-McCullough,86995 Drewry Avenue
Ginny Chandlar,"Cheese - Brie, Triple Creme",26.7,73,"Ziemann, McGlynn and Lebsack",7 Vahlen Lane
Deeanne Ruhben,Wine - Cotes Du Rhone,47.97,14,Davis-Bauch,1 Esker Parkway
Lynnet Eyres,"Mop Head - Cotton, 24 Oz",1.2,60,Stehr Group,816 Buena Vista Junction
Adham Von Hindenburg,Parsley - Dried,16.12,71,Aufderhar Inc,5380 Schlimgen Crossing
Regen Jurca,Rum - Mount Gay Eclipes,52.96,5,O'Connell Group,0 Eastlawn Terrace
Siobhan Joder,"Chocolate - Pistoles, Lactee, Milk",37.69,38,"Kerluke, Langosh and Lindgren",9 Burrows Pass
Leshia Rudgley,Island Oasis - Magarita Mix,77.87,3,"Schinner, Eichmann and Wuckert",096 Lakewood Pass
Jehu Teodori,Chocolate - Feathers,20.55,69,,
Esteban Marl,Anchovy Fillets,11.39,29,,
Dru Sherborne,Lobster - Cooked,16.95,52,"Douglas, Hodkiewicz and Leannon",54 Ohio Court
Calypso Pharoah,"Tart Shells - Sweet, 2",85.69,17,Jakubowski Group,725 Ohio Place
Wakefield Simmank,Petit Baguette,68.4,34,,
Fidela Klimuk,Wiberg Super Cure,16.19,47,"Dare, Kuhn and Stiedemann",0 Gulseth Park
Clea Bertlin,Shallots,10.05,32,"Kutch, Schultz and Hilpert",96 Riverside Lane
Alberto Bennitt,Island Oasis - Sweet And Sour Mix,74.97,81,Gerhold-Welch,367 Trailsway Trail
Kale Fursland,Chicken Breast Halal,80.25,-1,Oberbrunner LLC,19 Fairview Circle
Ellwood Raven,Longos - Burritos,20.73,45,Ruecker-Williamson,2 Comanche Park
Averyl Roote,Long Island Ice Tea,71.62,54,"O'Conner, Homenick and Lebsack",67462 Lillian Center
Sammie Dorset,Sesame Seed,1.98,17,"O'Connell, Huel and Kirlin",1 Drewry Alley
Jeannette Marians,"Nut - Pecan, Halves",68.72,-2,"Rau, Bashirian and Mayert",892 Amoth Place
,,85.41,,Roob-Pagac,358 Boyd Lane
Tracy Breznovic,Nestea - Iced Tea,41.46,43,Auer Inc,74 Banding Court
Gipsy Kear,Snapple Raspberry Tea,93.15,89,Stanton Group,7 Monument Pass
Bil Scannell,Eggplant - Regular,22.19,17,"Grant, Kovacek and Davis",178 Vera Terrace
Felicle Sawyer,Squash - Butternut,56.31,59,,
Brandy Soans,Tea - Decaf 1 Cup,42.16,74,,
Derward Kilfedder,Puree - Mocha,27.15,17,"Hills, Fadel and Watsica",03 Brickson Park Avenue
Rodge Seeborne,Pork - Smoked Back Bacon,79.8,8,Bednar Group,0156 Clyde Gallagher Parkway
Jeannie Phipson,Nantucket - 518ml,16.72,40,"Bartoletti, Ledner and Baumbach",58 Express Way
Jacinta Murtell,Danishes - Mini Raspberry,29.96,7,Anderson-Gerhold,79 Buena Vista Circle
Leda Hebbes,Cheese - Pont Couvert,,31,"Mohr, Sauer and O'Hara",67 Kipling Junction
Ardyth Chelam,Lotus Leaves,11.44,27,,
Ced Bony,Crawfish,89.27,19,,
Ferdinande Griffitts,Gelatine Powder,14.82,9,Nolan-Jakubowski,72 Arrowood Street
Delphinia Hastelow,Water - San Pellegrino,67.2,57,Mohr and Sons,551 Dayton Place
Prue Arno,Gloves - Goldtouch Disposable,9.04,10,"Cassin, Romaguera and Dietrich",63 Haas Parkway
Katee Marchant,"Tomatoes - Vine Ripe, Red",15.89,76,Kihn Inc,23801 Portage Trail
Nikki Shere,Ice Cream - Chocolate,22.26,86,Hamill and Sons,75177 Old Gate Avenue
Calley Kulicke,"Wine - Red, Wolf Blass, Yellow",43.02,-4,"Moen, Casper and Barton",330 Esker Lane
Tabbie Shelly,Extract - Lemon,68.86,51,Stroman-Blick,9010 Dakota Road
Melina Vondrys,Beer - Sleeman Fine Porter,41.81,87,Gislason and Sons,06749 Grayhawk Point
Shel Hustings,Banana,31.67,-4,Vandervort-Waelchi,381 Valley Edge Avenue
Lou Craxford,Veal - Leg,62.92,75,"Corwin, Kessler and Denesik",50733 Miller Way
Rosalinda Thackham,Coffee - Dark Roast,8.82,20,Reilly and Sons,82 Park Meadow Crossing
Winnifred Pucker,Beef - Inside Round,8.86,45,Mayert-Kulas,562 Mariners Cove Park
Jyoti Clutterham,Mustard Prepared,80.81,18,,
Arie Barnwall,"Sprite, Diet - 355ml",12.15,-1,Adams LLC,234 Duke Crossing
Tansy Buchett,Soup - Campbells Chili Veg,19.81,83,"Morissette, Gaylord and Hayes",91 Debs Hill
Nicolas Rubi,Broom And Brush Rack Black,81.11,73,Ferry-Stroman,55631 Village Hill
Erin Rickcord,Sprouts - Baby Pea Tendrils,81.32,15,Breitenberg Group,30764 Jenifer Place
Annabell Bollard,Sage Ground Wiberg,2.49,40,Haag-Schimmel,38955 Riverside Parkway
Zarah Ipgrave,Cake Slab,43.84,23,Howell-Klein,2989 Westridge Trail
Cecilla Radnedge,Initation Crab Meat,97.71,66,Fahey and Sons,79 Alpine Road
Maisey Impleton,Beer - Paulaner Hefeweisse,98.62,9,,
Rhodia Moorhouse,Oil - Coconut,30.96,58,Braun LLC,6 Dottie Center
Flossy Crispin,Pepper - Cayenne,92.67,-1,"Doyle, Bernhard and Mohr",78 Center Road
Koo Harefoot,Cheese - Blue,82.11,21,Smitham-Bogan,52 Continental Junction
Margarette Rotter,Pear - Prickly,82.22,72,"Hermiston, Rippin and Blick",3474 Springs Trail
Court Fawdery,Lobster - Cooked,46.42,66,"West, Feil and Dach",4 Autumn Leaf Avenue
Seana Seeking,"Wine - White, Concha Y Toro",85.54,53,"Denesik, McDermott and Rodriguez",7412 Debs Plaza
Xenos Elsworth,Mcguinness - Blue Curacao,25.18,42,Schmidt and Sons,23044 Hayes Junction
Alfi De Vere,"Radish - Black, Winter, Organic",25.39,78,,
Kit Ianittello,Cup - Translucent 7 Oz Clear,71.34,74,Stark and Sons,03551 Bluejay Trail
Stacy Crossley,Appetizer - Lobster Phyllo Roll,53.65,1,Collins-Kreiger,669 Kensington Lane
Donny Isworth,"Potatoes - Yukon Gold, 80 Ct",45.42,5,Smitham Group,5235 Pankratz Court
Alf Caesar,Soup - Campbells Mac N Cheese,28.8,6,Ward LLC,4 Anniversary Place
Kippie Kippie,Lotus Root,4.56,83,Walker-Klein,443 Mockingbird Drive
Brewster Sale,Cup - Translucent 7 Oz Clear,98.64,61,Gulgowski-Connelly,966 Riverside Avenue
Neddie Krelle,Mix - Cappucino Cocktail,32.79,42,Christiansen-Murphy,81614 Morrow Circle
Hamish Adrian,Wine - Vineland Estate Semi - Dry,6.84,5,"Armstrong, Willms and Kassulke",14 Graceland Park
Candis Lazar,Pork - Backfat,31.71,85,,
Rockwell Lesaunier,Water - Tonic,88.01,37,"Cruickshank, Brown and Bradtke",11392 Prairieview Terrace
Patricio Gumbrell,Grenadine,77.29,0,"Waelchi, Fisher and Deckow",778 Vidon Crossing
Sadella Oret,Tuna - Sushi Grade,32.43,1,"Lowe, Shields and Crona",8092 Kipling Junction
Junina Hassewell,"Nut - Peanut, Roasted",79.04,37,Goodwin Group,4933 Atwood Street
Fionna Wardhaugh,Salt - Kosher,44.95,52,O'Connell-Gerhold,77137 Mayfield Circle
Lynna Selvester,Longos - Assorted Sandwich,62.08,64,Berge LLC,2520 Lakeland Hill
Clare Jonas,"Vodka - Lemon, Absolut",39.77,98,Murray-Pfannerstill,03 Corben Court
,,87.37,,Keebler-Denesik,6 Waywood Lane
Saleem Cawthra,"Wine - White, Riesling, Henry Of",68.61,58,"Abshire, Strosin and Lesch",09028 Vahlen Avenue
Larina Rosewarne,"Roe - Lump Fish, Red",64.14,4,"Vandervort, Mosciski and Volkman",7592 Sloan Pass
Carmita Swindlehurst,Chocolate - Unsweetened,37.36,26,"Rolfson, Fay and Goldner",66831 Nancy Lane
Shel Lafflin,Cornish Hen,74.53,15,Howell-Effertz,365 Meadow Ridge Drive
Talbot Devorill,Munchies Honey Sweet Trail Mix,42.01,24,Block Inc,02775 Oak Way
Arlen Skeats,Olives - Morracan Dired,5.9,76,Rowe-Bernhard,87598 8th Crossing
Debee Knox,Puff Pastry - Sheets,35.93,58,Luettgen Inc,5 Carey Circle
Ellery Challicombe,Corn Meal,46.66,65,Schmitt-Barrows,793 Stone Corner Junction
Adda Paddy,Tamarind Paste,39.16,86,Reichert and Sons,73042 Alpine Hill
Gaby Maneylaws,"Vermacelli - Sprinkles, Assorted",,48,Farrell-Mertz,7 Transport Hill
Kizzie Cleugher,"C - Plus, Orange",23.84,36,Carter-Schinner,54716 Donald Park
Jeremiah McGillivrie,Blue Curacao - Marie Brizard,21.69,9,Corkery Group,0622 Granby Point
Pennie Bleier,Ecolab - Mikroklene 4/4 L,74.0,25,Fisher-Larson,6951 Del Sol Circle
Kip Slucock,"Bread - Rolls, Corn",13.07,-1,"Nicolas, Miller and Witting",9913 Lyons Place
Rochell Hatliffe,"Pasta - Fettuccine, Dry",59.85,19,"Champlin, Robel and VonRueden",44 Warner Pass
Halsy Darrington,"Nut - Pecan, Pieces",99.19,42,"Stark, Hegmann and Hirthe",1502 Hallows Place
Ramsey Prydden,Gelatine Powder,10.33,51,Goyette LLC,70 Oak Road
Joshua Mewe,Swiss Chard - Red,81.78,65,Gislason-Auer,4 Union Circle
Eliza Raiment,"Wine - White, Chardonnay",72.09,24,"Kautzer, Hilll and Shields",10 Saint Paul Pass
Riki Scraney,Muffin Mix - Lemon Cranberry,49.11,44,"Walter, Pouros and Padberg",0 Daystar Hill
Fay Moulden,Cranberries - Fresh,4.33,71,"Gulgowski, Gulgowski and Willms",038 Acker Drive
Clemente Brotherhead,Snapple - Mango Maddness,78.44,6,"Greenfelder, Pouros and D'Amore",59331 Dryden Court
Allissa Fairholme,Schnappes Peppermint - Walker,72.58,78,"Olson, Rogahn and Runolfsson",20569 Ridgeview Drive
Lilas Sonner,Soap - Pine Sol Floor Cleaner,11.5,-2,Gleichner and Sons,9 Northfield Drive
Muffin Braden,Appetizer - Southwestern,5.59,17,Gutkowski and Sons,090 New Castle Parkway
Justis Sancroft,Mushroom - Lg - Cello,50.84,15,Champlin-Lakin,2596 American Road
Melisse Martonfi,"Salmon - Atlantic, No Skin",60.56,51,Roob LLC,8 Colorado Court
Pauletta Ismail,Oven Mitts 17 Inch,2.1,91,Hackett Inc,4 Caliangt Crossing
Katha Ashfield,Yokaline,86.65,20,Stroman-Daniel,05046 Parkside Place
Erhart Blackey,Cleaner - Bleach,36.41,19,"Mueller, Hirthe and Stroman",35000 Farragut Plaza
Fritz Woller,Ginger - Ground,88.07,-2,"Luettgen, Koepp and Collier",14782 Dottie Road
Merla Orrice,Butter Sweet,91.58,63,Kulas Inc,4 Muir Way
Darn Pike,Bread - Sour Sticks With Onion,26.01,11,Thompson-Blanda,7559 Cottonwood Street
Althea Dowzell,Beer - Sleemans Cream Ale,26.28,34,Connelly-Fadel,1 Pierstorff Center
Otto Rustidge,"Onions - Dried, Chopped",38.04,43,Okuneva Inc,4 Corscot Hill
Luisa McGinn,Trueblue - Blueberry 12x473ml,53.15,99,Rippin-Feil,7 Gina Lane
Saundra Manger,Cinnamon Buns Sticky,29.55,2,Brakus and Sons,0 Maple Wood Lane
Pet Darracott,Dehydrated Kelp Kombo,2.73,69,Ruecker Inc,8 Clarendon Way
Bone Stephens,Tuna - Sushi Grade,10.2,77,"Dach, Shields and O'Reilly",794 Logan Center
Karen Julian,Plums - Red,42.74,54,"Herman, Flatley and Kuphal",00385 Sugar Drive
Bryanty McMaster,Soup - Campbells Beef Strogonoff,3.61,0,Waters-Herman,48069 Sheridan Street
Finley Buten,Emulsifier,11.9,68,Reichel Group,183 Melrose Hill
Nettie Orred,Huck Towels White,53.45,54,Kutch-Altenwerth,3350 Forest Dale Parkway
Jesus Stubbings,Longan,63.18,65,Harvey-Heathcote,219 Fulton Lane
